Id,Category
0,8
1,74
2,56
3,81
4,1
5,74
6,65
7,21
8,60
9,83
10,68
11,27
12,37
13,69
14,20
15,38
16,0
17,97
18,54
19,1
20,1
21,39
22,75
23,17
24,21
25,31
26,39
27,8
28,2
29,2
30,24
31,22
32,41
33,73
34,96
35,27
36,58
37,41
38,24
39,37
40,38
41,95
42,69
43,73
44,86
45,22
46,51
47,48
48,51
49,17
50,35
51,6
52,18
53,21
54,2
55,65
56,73
57,52
58,42
59,30
60,20
61,38
62,88
63,74
64,62
65,83
66,88
67,83
68,74
69,6
70,8
71,17
72,68
73,75
74,67
75,83
76,14
77,22
78,21
79,0
80,73
81,99
82,54
83,75
84,54
85,19
86,5
87,21
88,43
89,73
90,87
91,79
92,4
93,35
94,58
95,31
96,31
97,7
98,68
99,43
100,21
101,1
102,47
103,86
104,43
105,69
106,97
107,17
108,1
109,59
110,68
111,24
112,64
113,0
114,36
115,60
116,48
117,43
118,43
119,56
120,17
121,20
122,38
123,1
124,81
125,20
126,75
127,66
128,1
129,21
130,86
131,9
132,35
133,74
134,21
135,86
136,60
137,97
138,52
139,60
140,74
141,88
142,52
143,17
144,7
145,95
146,52
147,8
148,51
149,68
150,20
151,97
152,39
153,17
154,58
155,42
156,37
157,5
158,24
159,42
160,36
161,8
162,79
163,1
164,86
165,47
166,54
167,51
168,43
169,83
170,9
171,1
172,74
173,21
174,95
175,62
176,56
177,95
178,18
179,5
180,27
181,66
182,22
183,73
184,38
185,38
186,35
187,95
188,6
189,83
190,12
191,24
192,83
193,1
194,0
195,24
196,37
197,42
198,18
199,87
200,6
201,39
202,17
203,60
204,6
205,69
206,24
207,31
208,9
209,52
210,69
211,2
212,68
213,66
214,97
215,74
216,5
217,30
218,9
219,88
220,88
221,12
222,36
223,77
224,37
225,79
226,0
227,37
228,42
229,1
230,12
231,0
232,59
233,24
234,65
235,54
236,97
237,47
238,6
239,4
240,69
241,24
242,43
243,14
244,12
245,62
246,42
247,37
248,4
249,20
250,42
251,48
252,30
253,65
254,7
255,38
256,79
257,59
258,2
259,88
260,38
261,67
262,37
263,69
264,21
265,51
266,1
267,1
268,6
269,81
270,99
271,51
272,52
273,96
274,42
275,65
276,67
277,36
278,69
279,62
280,5
281,5
282,2
283,48
284,30
285,31
286,18
287,56
288,36
289,51
290,97
291,38
292,13
293,27
294,18
295,12
296,58
297,67
298,43
299,75
300,74
301,69
302,5
303,24
304,95
305,74
306,95
307,43
308,9
309,35
310,88
311,14
312,41
313,88
314,74
315,58
316,95
317,42
318,24
319,8
320,47
321,17
322,42
323,67
324,12
325,0
326,42
327,1
328,0
329,24
330,47
331,36
332,69
333,62
334,1
335,60
336,67
337,97
338,97
339,73
340,79
341,54
342,68
343,62
344,20
345,66
346,21
347,24
348,21
349,88
350,68
351,14
352,12
353,48
354,22
355,51
356,77
357,14
358,6
359,42
360,97
361,99
362,37
363,4
364,74
365,99
366,6
367,54
368,37
369,66
370,37
371,96
372,24
373,24
374,8
375,41
376,7
377,83
378,0
379,43
380,48
381,14
382,41
383,59
384,69
385,74
386,21
387,30
388,59
389,65
390,69
391,83
392,17
393,30
394,88
395,38
396,35
397,68
398,52
399,87
400,54
401,31
402,84
403,68
404,20
405,36
406,95
407,9
408,73
409,66
410,2
411,47
412,60
413,17
414,65
415,8
416,65
417,8
418,62
419,27
420,21
421,21
422,79
423,96
424,60
425,42
426,38
427,77
428,74
429,31
430,99
431,6
432,95
433,43
434,81
435,66
436,95
437,67
438,22
439,5
440,0
441,5
442,67
443,31
444,6
445,48
446,38
447,7
448,6
449,56
450,41
451,0
452,87
453,41
454,36
455,86
456,42
457,51
458,7
459,5
460,12
461,87
462,67
463,87
464,14
465,79
466,96
467,17
468,6
469,0
470,51
471,97
472,43
473,24
474,30
475,54
476,56
477,42
478,69
479,48
480,81
481,75
482,35
483,77
484,0
485,67
486,43
487,99
488,73
489,21
490,74
491,43
492,60
493,9
494,97
495,73
496,0
497,31
498,81
499,51
500,66
501,5
502,17
503,9
504,21
505,41
506,38
507,14
508,47
509,95
510,68
511,58
512,9
513,69
514,69
515,1
516,73
517,36
518,83
519,54
520,38
521,5
522,2
523,37
524,62
525,35
526,73
527,43
528,38
529,37
530,52
531,74
532,8
533,27
534,2
535,68
536,59
537,31
538,39
539,47
540,43
541,18
542,35
543,42
544,69
545,67
546,51
547,22
548,60
549,7
550,42
551,35
552,67
553,37
554,8
555,47
556,62
557,56
558,5
559,60
560,64
561,43
562,20
563,0
564,21
565,68
566,41
567,81
568,84
569,21
570,1
571,68
572,39
573,2
574,21
575,12
576,22
577,38
578,81
579,67
580,24
581,87
582,83
583,58
584,0
585,41
586,54
587,38
588,75
589,43
590,27
591,12
592,0
593,88
594,41
595,24
596,20
597,73
598,1
599,2
600,24
601,79
602,18
603,87
604,47
605,88
606,21
607,56
608,42
609,51
610,83
611,7
612,81
613,24
614,0
615,48
616,21
617,68
618,36
619,95
620,17
621,66
622,69
623,0
624,59
625,38
626,48
627,2
628,59
629,0
630,75
631,43
632,97
633,12
634,83
635,68
636,22
637,5
638,83
639,68
640,59
641,95
642,87
643,30
644,21
645,60
646,41
647,47
648,21
649,86
650,88
651,75
652,5
653,56
654,81
655,35
656,7
657,36
658,51
659,2
660,20
661,48
662,79
663,84
664,87
665,0
666,17
667,27
668,42
669,66
670,14
671,95
672,83
673,69
674,1
675,20
676,79
677,24
678,31
679,60
680,54
681,31
682,54
683,20
684,97
685,74
686,14
687,21
688,73
689,27
690,30
691,2
692,86
693,62
694,7
695,67
696,74
697,20
698,73
699,48
700,20
701,42
702,97
703,1
704,18
705,42
706,27
707,17
708,75
709,17
710,27
711,56
712,2
713,1
714,6
715,0
716,21
717,17
718,96
719,6
720,65
721,56
722,60
723,75
724,2
725,73
726,97
727,75
728,62
729,19
730,22
731,6
732,58
733,12
734,47
735,43
736,69
737,36
738,83
739,0
740,2
741,24
742,43
743,69
744,64
745,41
746,20
747,54
748,5
749,6
750,74
751,24
752,48
753,62
754,31
755,5
756,42
757,88
758,73
759,24
760,56
761,36
762,96
763,69
764,2
765,5
766,83
767,37
768,2
769,12
770,69
771,8
772,95
773,24
774,7
775,73
776,54
777,31
778,37
779,0
780,95
781,21
782,47
783,14
784,86
785,60
786,22
787,8
788,62
789,81
790,48
791,42
792,21
793,99
794,84
795,1
796,37
797,88
798,62
799,74
800,87
801,99
802,0
803,21
804,69
805,66
806,86
807,83
808,81
809,38
810,65
811,17
812,47
813,59
814,38
815,30
816,6
817,36
818,6
819,6
820,42
821,4
822,13
823,69
824,68
825,54
826,83
827,99
828,36
829,95
830,0
831,83
832,74
833,31
834,58
835,97
836,69
837,69
838,59
839,42
840,88
841,47
842,22
843,66
844,52
845,7
846,68
847,6
848,47
849,21
850,35
851,54
852,88
853,60
854,87
855,83
856,37
857,1
858,24
859,56
860,21
861,60
862,7
863,73
864,59
865,54
866,43
867,68
868,24
869,0
870,8
871,88
872,38
873,83
874,1
875,88
876,31
877,24
878,54
879,36
880,20
881,35
882,69
883,6
884,14
885,84
886,74
887,2
888,42
889,69
890,2
891,18
892,81
893,97
894,52
895,37
896,39
897,43
898,12
899,27
900,7
901,43
902,5
903,9
904,18
905,41
906,87
907,86
908,73
909,43
910,48
911,56
912,95
913,30
914,52
915,64
916,48
917,54
918,66
919,31
920,51
921,6
922,37
923,58
924,52
925,96
926,38
927,24
928,41
929,74
930,0
931,60
932,24
933,68
934,8
935,99
936,14
937,88
938,54
939,97
940,60
941,54
942,62
943,56
944,68
945,42
946,37
947,43
948,22
949,47
950,52
951,67
952,42
953,51
954,36
955,5
956,68
957,13
958,30
959,75
960,74
961,96
962,30
963,88
964,6
965,8
966,95
967,52
968,1
969,36
970,60
971,38
972,87
973,24
974,69
975,69
976,96
977,81
978,54
979,2
980,2
981,36
982,43
983,8
984,42
985,31
986,43
987,43
988,84
989,21
990,12
991,74
992,81
993,56
994,83
995,66
996,47
997,12
998,83
999,54
1000,97
1001,68
1002,43
1003,83
1004,69
1005,95
1006,86
1007,67
1008,30
1009,51
1010,62
1011,1
1012,2
1013,43
1014,1
1015,81
1016,17
1017,64
1018,2
1019,18
1020,74
1021,52
1022,36
1023,37
1024,65
1025,37
1026,42
1027,0
1028,21
1029,41
1030,21
1031,24
1032,51
1033,97
1034,37
1035,38
1036,24
1037,74
1038,75
1039,67
1040,86
1041,86
1042,6
1043,81
1044,88
1045,96
1046,79
1047,21
1048,8
1049,1
1050,35
1051,17
1052,5
1053,30
1054,24
1055,95
1056,81
1057,5
1058,60
1059,86
1060,6
1061,42
1062,43
1063,60
1064,60
1065,2
1066,99
1067,8
1068,13
1069,58
1070,41
1071,38
1072,2
1073,86
1074,37
1075,69
1076,20
1077,74
1078,24
1079,17
1080,88
1081,48
1082,1
1083,17
1084,64
1085,43
1086,36
1087,69
1088,17
1089,47
1090,9
1091,64
1092,37
1093,30
1094,81
1095,0
1096,48
1097,62
1098,9
1099,68
1100,27
1101,38
1102,31
1103,2
1104,17
1105,74
1106,13
1107,69
1108,43
1109,60
1110,1
1111,0
1112,36
1113,73
1114,9
1115,83
1116,58
1117,83
1118,9
1119,87
1120,21
1121,43
1122,73
1123,75
1124,75
1125,27
1126,97
1127,22
1128,37
1129,60
1130,9
1131,30
1132,47
1133,42
1134,6
1135,41
1136,0
1137,62
1138,1
1139,8
1140,88
1141,36
1142,0
1143,13
1144,52
1145,97
1146,5
1147,83
1148,17
1149,74
1150,87
1151,17
1152,58
1153,95
1154,66
1155,58
1156,75
1157,54
1158,52
1159,43
1160,0
1161,18
1162,84
1163,1
1164,69
1165,5
1166,95
1167,24
1168,21
1169,24
1170,37
1171,1
1172,5
1173,2
1174,59
1175,97
1176,21
1177,51
1178,60
1179,21
1180,69
1181,38
1182,14
1183,21
1184,88
1185,67
1186,64
1187,17
1188,17
1189,65
1190,66
1191,14
1192,74
1193,6
1194,12
1195,74
1196,88
1197,21
1198,52
1199,21
1200,88
1201,42
1202,7
1203,2
1204,22
1205,69
1206,43
1207,52
1208,2
1209,56
1210,21
1211,7
1212,37
1213,60
1214,83
1215,36
1216,37
1217,19
1218,74
1219,69
1220,42
1221,99
1222,65
1223,69
1224,43
1225,62
1226,31
1227,87
1228,36
1229,30
1230,36
1231,47
1232,21
1233,7
1234,38
1235,88
1236,54
1237,83
1238,2
1239,2
1240,43
1241,56
1242,59
1243,24
1244,24
1245,6
1246,54
1247,17
1248,43
1249,24
1250,43
1251,96
1252,24
1253,97
1254,43
1255,54
1256,22
1257,18
1258,54
1259,2
1260,81
1261,17
1262,65
1263,86
1264,42
1265,1
1266,43
1267,69
1268,59
1269,24
1270,54
1271,59
1272,97
1273,81
1274,65
1275,17
1276,7
1277,48
1278,83
1279,95
1280,60
1281,43
1282,8
1283,64
1284,81
1285,67
1286,41
1287,48
1288,8
1289,41
1290,24
1291,12
1292,69
1293,17
1294,2
1295,84
1296,17
1297,97
1298,52
1299,0
1300,2
1301,43
1302,21
1303,24
1304,83
1305,21
1306,18
1307,30
1308,0
1309,38
1310,1
1311,9
1312,74
1313,8
1314,5
1315,51
1316,6
1317,54
1318,22
1319,35
1320,51
1321,83
1322,73
1323,8
1324,8
1325,7
1326,24
1327,58
1328,21
1329,27
1330,1
1331,5
1332,38
1333,5
1334,47
1335,52
1336,38
1337,65
1338,22
1339,24
1340,86
1341,20
1342,43
1343,38
1344,47
1345,97
1346,59
1347,65
1348,35
1349,43
1350,6
1351,35
1352,36
1353,30
1354,68
1355,68
1356,68
1357,52
1358,60
1359,69
1360,47
1361,69
1362,36
1363,81
1364,59
1365,84
1366,21
1367,97
1368,18
1369,96
1370,51
1371,37
1372,14
1373,0
1374,51
1375,86
1376,43
1377,52
1378,73
1379,77
1380,1
1381,5
1382,81
1383,0
1384,59
1385,20
1386,27
1387,74
1388,38
1389,20
1390,74
1391,41
1392,83
1393,67
1394,65
1395,52
1396,95
1397,43
1398,37
1399,9
1400,31
1401,54
1402,13
1403,42
1404,48
1405,42
1406,68
1407,43
1408,14
1409,88
1410,7
1411,74
1412,12
1413,75
1414,95
1415,0
1416,74
1417,52
1418,5
1419,9
1420,21
1421,68
1422,67
1423,74
1424,96
1425,43
1426,1
1427,86
1428,22
1429,36
1430,58
1431,97
1432,14
1433,43
1434,20
1435,59
1436,24
1437,69
1438,9
1439,43
1440,19
1441,0
1442,7
1443,67
1444,35
1445,81
1446,5
1447,24
1448,67
1449,54
1450,21
1451,37
1452,74
1453,42
1454,1
1455,7
1456,62
1457,0
1458,60
1459,69
1460,24
1461,83
1462,81
1463,48
1464,48
1465,95
1466,56
1467,38
1468,51
1469,8
1470,99
1471,19
1472,62
1473,36
1474,52
1475,24
1476,9
1477,12
1478,97
1479,86
1480,24
1481,97
1482,58
1483,20
1484,51
1485,83
1486,83
1487,69
1488,17
1489,58
1490,97
1491,58
1492,48
1493,36
1494,54
1495,36
1496,27
1497,96
1498,36
1499,48
1500,56
1501,96
1502,37
1503,17
1504,62
1505,51
1506,5
1507,39
1508,0
1509,24
1510,17
1511,65
1512,95
1513,12
1514,9
1515,43
1516,37
1517,31
1518,83
1519,65
1520,4
1521,56
1522,97
1523,75
1524,21
1525,20
1526,54
1527,86
1528,86
1529,88
1530,21
1531,43
1532,2
1533,41
1534,69
1535,47
1536,1
1537,0
1538,81
1539,73
1540,2
1541,2
1542,6
1543,6
1544,59
1545,48
1546,69
1547,67
1548,58
1549,48
1550,6
1551,37
1552,17
1553,73
1554,99
1555,95
1556,21
1557,75
1558,21
1559,59
1560,1
1561,24
1562,41
1563,17
1564,31
1565,17
1566,96
1567,43
1568,58
1569,21
1570,43
1571,48
1572,65
1573,38
1574,38
1575,37
1576,69
1577,95
1578,0
1579,5
1580,12
1581,35
1582,52
1583,37
1584,36
1585,21
1586,87
1587,36
1588,17
1589,20
1590,62
1591,75
1592,24
1593,18
1594,19
1595,95
1596,56
1597,21
1598,62
1599,42
1600,17
1601,69
1602,65
1603,6
1604,68
1605,73
1606,69
1607,43
1608,62
1609,5
1610,36
1611,51
1612,24
1613,17
1614,17
1615,84
1616,88
1617,37
1618,36
1619,48
1620,42
1621,21
1622,43
1623,75
1624,87
1625,99
1626,38
1627,41
1628,35
1629,14
1630,83
1631,54
1632,21
1633,39
1634,56
1635,88
1636,52
1637,0
1638,51
1639,17
1640,52
1641,35
1642,24
1643,21
1644,21
1645,54
1646,1
1647,18
1648,24
1649,13
1650,1
1651,42
1652,20
1653,47
1654,74
1655,21
1656,48
1657,5
1658,1
1659,56
1660,68
1661,36
1662,81
1663,0
1664,48
1665,35
1666,59
1667,67
1668,20
1669,35
1670,75
1671,48
1672,21
1673,21
1674,41
1675,8
1676,9
1677,0
1678,18
1679,75
1680,36
1681,56
1682,54
1683,21
1684,37
1685,97
1686,66
1687,38
1688,74
1689,42
1690,22
1691,83
1692,60
1693,86
1694,69
1695,74
1696,97
1697,77
1698,2
1699,24
1700,38
1701,22
1702,1
1703,24
1704,79
1705,1
1706,1
1707,7
1708,38
1709,17
1710,75
1711,24
1712,83
1713,83
1714,22
1715,21
1716,30
1717,74
1718,96
1719,0
1720,48
1721,88
1722,95
1723,24
1724,52
1725,43
1726,1
1727,73
1728,21
1729,65
1730,2
1731,42
1732,75
1733,48
1734,6
1735,21
1736,37
1737,69
1738,0
1739,79
1740,86
1741,75
1742,54
1743,83
1744,30
1745,69
1746,7
1747,75
1748,12
1749,96
1750,67
1751,36
1752,38
1753,68
1754,42
1755,54
1756,81
1757,20
1758,95
1759,1
1760,51
1761,12
1762,36
1763,59
1764,20
1765,83
1766,20
1767,37
1768,67
1769,95
1770,12
1771,97
1772,5
1773,24
1774,17
1775,42
1776,37
1777,74
1778,54
1779,14
1780,0
1781,83
1782,96
1783,88
1784,86
1785,52
1786,86
1787,5
1788,97
1789,24
1790,88
1791,0
1792,47
1793,68
1794,6
1795,97
1796,36
1797,48
1798,47
1799,51
1800,48
1801,8
1802,68
1803,52
1804,6
1805,21
1806,43
1807,22
1808,59
1809,22
1810,73
1811,75
1812,48
1813,88
1814,69
1815,77
1816,99
1817,5
1818,62
1819,9
1820,74
1821,54
1822,36
1823,18
1824,54
1825,12
1826,21
1827,36
1828,12
1829,75
1830,52
1831,95
1832,17
1833,2
1834,31
1835,17
1836,38
1837,20
1838,24
1839,54
1840,69
1841,21
1842,99
1843,64
1844,67
1845,31
1846,62
1847,51
1848,75
1849,74
1850,60
1851,36
1852,73
1853,37
1854,62
1855,52
1856,56
1857,21
1858,37
1859,62
1860,12
1861,24
1862,35
1863,20
1864,17
1865,5
1866,36
1867,18
1868,54
1869,21
1870,83
1871,59
1872,38
1873,60
1874,97
1875,22
1876,17
1877,6
1878,62
1879,68
1880,48
1881,96
1882,36
1883,38
1884,83
1885,95
1886,13
1887,97
1888,9
1889,62
1890,99
1891,52
1892,24
1893,18
1894,65
1895,86
1896,56
1897,21
1898,56
1899,43
1900,51
1901,42
1902,56
1903,5
1904,60
1905,30
1906,60
1907,81
1908,31
1909,65
1910,9
1911,60
1912,27
1913,21
1914,14
1915,88
1916,68
1917,5
1918,36
1919,21
1920,21
1921,38
1922,52
1923,38
1924,84
1925,0
1926,43
1927,0
1928,20
1929,12
1930,52
1931,69
1932,9
1933,20
1934,1
1935,69
1936,2
1937,65
1938,24
1939,18
1940,12
1941,9
1942,67
1943,36
1944,48
1945,43
1946,41
1947,24
1948,5
1949,88
1950,96
1951,66
1952,86
1953,5
1954,48
1955,69
1956,95
1957,21
1958,96
1959,83
1960,73
1961,31
1962,60
1963,8
1964,42
1965,35
1966,47
1967,54
1968,41
1969,36
1970,87
1971,43
1972,95
1973,66
1974,95
1975,41
1976,48
1977,75
1978,56
1979,81
1980,17
1981,96
1982,22
1983,54
1984,51
1985,41
1986,67
1987,22
1988,95
1989,51
1990,14
1991,5
1992,9
1993,21
1994,51
1995,79
1996,43
1997,74
1998,12
1999,48
2000,83
2001,41
2002,42
2003,75
2004,17
2005,19
2006,0
2007,48
2008,73
2009,6
2010,36
2011,9
2012,62
2013,96
2014,79
2015,1
2016,5
2017,83
2018,0
2019,39
2020,6
2021,74
2022,2
2023,99
2024,81
2025,81
2026,21
2027,21
2028,24
2029,42
2030,95
2031,81
2032,37
2033,58
2034,54
2035,31
2036,42
2037,43
2038,20
2039,43
2040,12
2041,21
2042,38
2043,51
2044,69
2045,43
2046,35
2047,38
2048,88
2049,51
2050,31
2051,97
2052,73
2053,36
2054,95
2055,54
2056,18
2057,24
2058,83
2059,79
2060,12
2061,60
2062,24
2063,17
2064,97
2065,17
2066,48
2067,38
2068,22
2069,0
2070,86
2071,74
2072,48
2073,54
2074,38
2075,79
2076,87
2077,47
2078,74
2079,21
2080,74
2081,20
2082,1
2083,2
2084,17
2085,95
2086,20
2087,52
2088,20
2089,1
2090,24
2091,30
2092,21
2093,88
2094,1
2095,0
2096,21
2097,73
2098,81
2099,79
2100,66
2101,88
2102,97
2103,51
2104,99
2105,69
2106,41
2107,51
2108,20
2109,9
2110,96
2111,17
2112,52
2113,75
2114,52
2115,54
2116,66
2117,1
2118,99
2119,95
2120,41
2121,81
2122,5
2123,81
2124,86
2125,43
2126,2
2127,22
2128,65
2129,8
2130,21
2131,43
2132,36
2133,87
2134,2
2135,5
2136,42
2137,62
2138,95
2139,96
2140,18
2141,95
2142,74
2143,7
2144,52
2145,20
2146,14
2147,88
2148,8
2149,69
2150,52
2151,2
2152,5
2153,68
2154,83
2155,75
2156,2
2157,17
2158,38
2159,52
2160,43
2161,20
2162,5
2163,24
2164,1
2165,12
2166,54
2167,48
2168,58
2169,6
2170,68
2171,1
2172,79
2173,13
2174,20
2175,9
2176,36
2177,19
2178,87
2179,13
2180,21
2181,73
2182,17
2183,56
2184,38
2185,69
2186,65
2187,2
2188,74
2189,27
2190,74
2191,95
2192,97
2193,87
2194,14
2195,18
2196,5
2197,1
2198,20
2199,6
2200,31
2201,14
2202,24
2203,56
2204,36
2205,97
2206,24
2207,73
2208,73
2209,0
2210,51
2211,42
2212,24
2213,43
2214,74
2215,66
2216,24
2217,2
2218,73
2219,97
2220,43
2221,51
2222,20
2223,47
2224,88
2225,67
2226,67
2227,51
2228,37
2229,6
2230,64
2231,43
2232,31
2233,86
2234,62
2235,60
2236,68
2237,99
2238,83
2239,83
2240,86
2241,31
2242,58
2243,14
2244,73
2245,86
2246,35
2247,30
2248,24
2249,43
2250,17
2251,66
2252,17
2253,7
2254,84
2255,6
2256,99
2257,68
2258,65
2259,1
2260,56
2261,38
2262,86
2263,13
2264,21
2265,35
2266,18
2267,81
2268,75
2269,20
2270,47
2271,0
2272,6
2273,69
2274,62
2275,24
2276,7
2277,69
2278,31
2279,35
2280,95
2281,88
2282,27
2283,47
2284,69
2285,37
2286,68
2287,21
2288,47
2289,68
2290,2
2291,19
2292,5
2293,83
2294,22
2295,60
2296,97
2297,37
2298,68
2299,51
2300,43
2301,88
2302,52
2303,88
2304,68
2305,36
2306,13
2307,65
2308,21
2309,48
2310,35
2311,73
2312,42
2313,54
2314,38
2315,37
2316,2
2317,48
2318,37
2319,97
2320,12
2321,24
2322,67
2323,59
2324,69
2325,67
2326,95
2327,83
2328,54
2329,84
2330,69
2331,51
2332,18
2333,79
2334,6
2335,60
2336,88
2337,65
2338,1
2339,97
2340,42
2341,43
2342,38
2343,62
2344,31
2345,22
2346,30
2347,88
2348,99
2349,74
2350,95
2351,69
2352,8
2353,67
2354,69
2355,96
2356,38
2357,42
2358,54
2359,66
2360,31
2361,67
2362,87
2363,81
2364,9
2365,43
2366,43
2367,81
2368,5
2369,31
2370,8
2371,62
2372,17
2373,30
2374,31
2375,0
2376,81
2377,73
2378,5
2379,59
2380,41
2381,43
2382,83
2383,52
2384,74
2385,21
2386,20
2387,31
2388,2
2389,66
2390,86
2391,5
2392,81
2393,69
2394,36
2395,43
2396,58
2397,43
2398,20
2399,60
2400,54
2401,2
2402,74
2403,20
2404,56
2405,74
2406,83
2407,69
2408,59
2409,96
2410,54
2411,31
2412,22
2413,96
2414,83
2415,20
2416,24
2417,48
2418,17
2419,86
2420,18
2421,58
2422,43
2423,95
2424,42
2425,62
2426,0
2427,88
2428,75
2429,74
2430,83
2431,81
2432,47
2433,13
2434,21
2435,36
2436,1
2437,95
2438,38
2439,69
2440,75
2441,37
2442,67
2443,9
2444,73
2445,24
2446,62
2447,5
2448,21
2449,14
2450,67
2451,87
2452,2
2453,2
2454,20
2455,21
2456,31
2457,2
2458,95
2459,54
2460,41
2461,24
2462,24
2463,86
2464,7
2465,97
2466,38
2467,47
2468,21
2469,83
2470,20
2471,88
2472,12
2473,64
2474,69
2475,41
2476,75
2477,68
2478,74
2479,86
2480,21
2481,81
2482,1
2483,38
2484,81
2485,74
2486,38
2487,43
2488,0
2489,19
2490,38
2491,69
2492,37
2493,68
2494,20
2495,37
2496,5
2497,2
2498,88
2499,12
2500,69
2501,2
2502,74
2503,81
2504,60
2505,69
2506,21
2507,73
2508,41
2509,38
2510,9
2511,24
2512,0
2513,31
2514,17
2515,0
2516,62
2517,5
2518,84
2519,38
2520,12
2521,42
2522,69
2523,36
2524,12
2525,58
2526,65
2527,0
2528,97
2529,0
2530,62
2531,52
2532,30
2533,84
2534,43
2535,31
2536,27
2537,24
2538,12
2539,69
2540,21
2541,88
2542,87
2543,2
2544,74
2545,6
2546,66
2547,83
2548,8
2549,68
2550,83
2551,60
2552,54
2553,14
2554,19
2555,97
2556,41
2557,22
2558,12
2559,0
2560,62
2561,54
2562,21
2563,22
2564,74
2565,24
2566,59
2567,43
2568,31
2569,59
2570,56
2571,38
2572,43
2573,21
2574,67
2575,27
2576,58
2577,5
2578,24
2579,51
2580,88
2581,22
2582,24
2583,68
2584,12
2585,42
2586,20
2587,54
2588,12
2589,18
2590,97
2591,81
2592,73
2593,6
2594,52
2595,77
2596,48
2597,17
2598,21
2599,99
2600,35
2601,6
2602,12
2603,6
2604,59
2605,83
2606,21
2607,36
2608,54
2609,37
2610,5
2611,73
2612,96
2613,69
2614,84
2615,79
2616,75
2617,74
2618,30
2619,42
2620,75
2621,54
2622,79
2623,97
2624,81
2625,75
2626,67
2627,67
2628,52
2629,96
2630,6
2631,96
2632,81
2633,69
2634,54
2635,37
2636,81
2637,37
2638,21
2639,17
2640,67
2641,54
2642,48
2643,54
2644,67
2645,0
2646,7
2647,38
2648,0
2649,41
2650,86
2651,65
2652,54
2653,24
2654,0
2655,24
2656,5
2657,21
2658,64
2659,58
2660,81
2661,20
2662,27
2663,1
2664,79
2665,68
2666,47
2667,58
2668,22
2669,21
2670,86
2671,83
2672,52
2673,75
2674,22
2675,43
2676,0
2677,43
2678,5
2679,83
2680,64
2681,42
2682,38
2683,1
2684,20
2685,54
2686,9
2687,73
2688,95
2689,88
2690,17
2691,24
2692,77
2693,83
2694,54
2695,43
2696,69
2697,14
2698,58
2699,37
2700,12
2701,17
2702,21
2703,75
2704,38
2705,21
2706,75
2707,58
2708,58
2709,60
2710,37
2711,20
2712,68
2713,5
2714,43
2715,0
2716,75
2717,99
2718,51
2719,37
2720,24
2721,7
2722,12
2723,73
2724,52
2725,95
2726,58
2727,24
2728,21
2729,86
2730,60
2731,30
2732,56
2733,43
2734,96
2735,68
2736,75
2737,22
2738,86
2739,43
2740,56
2741,43
2742,8
2743,18
2744,17
2745,5
2746,35
2747,35
2748,52
2749,68
2750,75
2751,83
2752,83
2753,56
2754,79
2755,88
2756,35
2757,1
2758,21
2759,47
2760,43
2761,75
2762,5
2763,1
2764,31
2765,60
2766,5
2767,77
2768,18
2769,65
2770,59
2771,20
2772,67
2773,86
2774,54
2775,69
2776,14
2777,48
2778,88
2779,69
2780,54
2781,74
2782,62
2783,1
2784,13
2785,39
2786,54
2787,48
2788,41
2789,41
2790,20
2791,97
2792,69
2793,31
2794,73
2795,68
2796,88
2797,0
2798,54
2799,38
2800,96
2801,56
2802,48
2803,83
2804,1
2805,36
2806,62
2807,86
2808,30
2809,31
2810,60
2811,96
2812,99
2813,68
2814,62
2815,36
2816,5
2817,21
2818,67
2819,24
2820,66
2821,36
2822,9
2823,42
2824,14
2825,68
2826,38
2827,20
2828,54
2829,69
2830,54
2831,62
2832,37
2833,37
2834,19
2835,74
2836,9
2837,99
2838,18
2839,18
2840,59
2841,74
2842,43
2843,81
2844,75
2845,43
2846,84
2847,48
2848,1
2849,43
2850,17
2851,60
2852,38
2853,38
2854,6
2855,37
2856,62
2857,65
2858,83
2859,75
2860,66
2861,35
2862,27
2863,54
2864,21
2865,0
2866,58
2867,84
2868,75
2869,30
2870,5
2871,17
2872,27
2873,31
2874,64
2875,68
2876,86
2877,52
2878,2
2879,75
2880,62
2881,69
2882,58
2883,13
2884,97
2885,52
2886,74
2887,66
2888,64
2889,68
2890,47
2891,22
2892,68
2893,37
2894,83
2895,2
2896,0
2897,21
2898,20
2899,2
2900,21
2901,43
2902,60
2903,83
2904,20
2905,20
2906,14
2907,24
2908,68
2909,42
2910,0
2911,81
2912,38
2913,5
2914,97
2915,5
2916,77
2917,75
2918,62
2919,7
2920,88
2921,20
2922,5
2923,51
2924,65
2925,35
2926,24
2927,7
2928,41
2929,74
2930,66
2931,47
2932,95
2933,86
2934,2
2935,2
2936,22
2937,51
2938,47
2939,6
2940,21
2941,37
2942,37
2943,24
2944,5
2945,36
2946,17
2947,30
2948,88
2949,6
2950,99
2951,9
2952,56
2953,62
2954,60
2955,48
2956,37
2957,64
2958,73
2959,64
2960,0
2961,75
2962,38
2963,54
2964,77
2965,20
2966,7
2967,75
2968,41
2969,73
2970,65
2971,83
2972,6
2973,24
2974,59
2975,75
2976,67
2977,96
2978,0
2979,27
2980,64
2981,86
2982,56
2983,97
2984,87
2985,24
2986,37
2987,86
2988,0
2989,6
2990,43
2991,67
2992,81
2993,6
2994,9
2995,12
2996,65
2997,52
2998,31
2999,73
3000,56
3001,6
3002,20
3003,2
3004,66
3005,0
3006,97
3007,12
3008,62
3009,18
3010,36
3011,88
3012,35
3013,18
3014,83
3015,2
3016,21
3017,75
3018,75
3019,69
3020,81
3021,60
3022,2
3023,88
3024,38
3025,21
3026,87
3027,86
3028,83
3029,24
3030,38
3031,96
3032,97
3033,21
3034,60
3035,54
3036,36
3037,54
3038,14
3039,88
3040,20
3041,2
3042,86
3043,74
3044,56
3045,21
3046,12
3047,77
3048,97
3049,88
3050,97
3051,38
3052,54
3053,2
3054,37
3055,41
3056,62
3057,58
3058,79
3059,83
3060,59
3061,7
3062,43
3063,95
3064,8
3065,67
3066,0
3067,59
3068,1
3069,5
3070,5
3071,73
3072,17
3073,96
3074,39
3075,75
3076,59
3077,69
3078,42
3079,7
3080,58
3081,35
3082,74
3083,13
3084,37
3085,2
3086,31
3087,75
3088,43
3089,6
3090,20
3091,83
3092,95
3093,54
3094,83
3095,5
3096,17
3097,30
3098,65
3099,52
3100,58
3101,24
3102,58
3103,20
3104,88
3105,24
3106,56
3107,6
3108,37
3109,24
3110,19
3111,1
3112,99
3113,74
3114,31
3115,83
3116,66
3117,66
3118,31
3119,24
3120,30
3121,31
3122,83
3123,41
3124,66
3125,43
3126,2
3127,75
3128,62
3129,43
3130,99
3131,51
3132,54
3133,56
3134,1
3135,42
3136,51
3137,68
3138,5
3139,95
3140,18
3141,83
3142,73
3143,21
3144,30
3145,86
3146,9
3147,67
3148,7
3149,36
3150,56
3151,54
3152,95
3153,17
3154,52
3155,38
3156,73
3157,54
3158,95
3159,0
3160,20
3161,38
3162,36
3163,59
3164,96
3165,17
3166,31
3167,12
3168,13
3169,74
3170,97
3171,0
3172,75
3173,17
3174,48
3175,17
3176,86
3177,5
3178,47
3179,88
3180,27
3181,41
3182,38
3183,95
3184,24
3185,74
3186,20
3187,2
3188,58
3189,60
3190,1
3191,6
3192,43
3193,17
3194,41
3195,47
3196,24
3197,24
3198,77
3199,54
3200,42
3201,86
3202,74
3203,88
3204,68
3205,30
3206,1
3207,24
3208,27
3209,54
3210,54
3211,0
3212,97
3213,73
3214,83
3215,5
3216,9
3217,54
3218,52
3219,42
3220,96
3221,73
3222,21
3223,21
3224,9
3225,43
3226,5
3227,54
3228,69
3229,6
3230,51
3231,59
3232,83
3233,14
3234,99
3235,9
3236,58
3237,31
3238,20
3239,60
3240,48
3241,84
3242,37
3243,37
3244,60
3245,1
3246,68
3247,38
3248,87
3249,69
3250,0
3251,59
3252,79
3253,99
3254,74
3255,86
3256,48
3257,2
3258,74
3259,74
3260,1
3261,88
3262,51
3263,6
3264,21
3265,7
3266,96
3267,81
3268,2
3269,77
3270,97
3271,86
3272,69
3273,2
3274,0
3275,79
3276,81
3277,30
3278,66
3279,9
3280,0
3281,35
3282,27
3283,43
3284,86
3285,73
3286,83
3287,38
3288,37
3289,69
3290,60
3291,59
3292,0
3293,20
3294,38
3295,30
3296,73
3297,24
3298,8
3299,6
3300,73
3301,52
3302,69
3303,56
3304,68
3305,51
3306,6
3307,54
3308,83
3309,43
3310,30
3311,83
3312,22
3313,2
3314,38
3315,2
3316,74
3317,24
3318,79
3319,17
3320,95
3321,17
3322,97
3323,60
3324,96
3325,67
3326,88
3327,96
3328,51
3329,79
3330,81
3331,6
3332,1
3333,17
3334,66
3335,42
3336,38
3337,18
3338,42
3339,68
3340,31
3341,24
3342,18
3343,69
3344,24
3345,74
3346,42
3347,13
3348,86
3349,20
3350,59
3351,21
3352,18
3353,1
3354,2
3355,83
3356,21
3357,60
3358,83
3359,58
3360,5
3361,62
3362,43
3363,69
3364,86
3365,5
3366,81
3367,83
3368,77
3369,37
3370,5
3371,56
3372,31
3373,12
3374,12
3375,83
3376,48
3377,87
3378,0
3379,38
3380,24
3381,64
3382,8
3383,68
3384,37
3385,36
3386,6
3387,42
3388,95
3389,31
3390,27
3391,83
3392,12
3393,21
3394,20
3395,54
3396,1
3397,58
3398,81
3399,99
3400,58
3401,74
3402,62
3403,88
3404,31
3405,31
3406,83
3407,54
3408,67
3409,20
3410,79
3411,21
3412,5
3413,83
3414,65
3415,83
3416,96
3417,7
3418,2
3419,2
3420,6
3421,0
3422,37
3423,19
3424,60
3425,36
3426,42
3427,38
3428,21
3429,0
3430,75
3431,97
3432,1
3433,84
3434,7
3435,1
3436,60
3437,8
3438,5
3439,54
3440,56
3441,52
3442,21
3443,56
3444,6
3445,67
3446,24
3447,87
3448,65
3449,58
3450,60
3451,83
3452,41
3453,56
3454,9
3455,12
3456,8
3457,30
3458,69
3459,24
3460,0
3461,75
3462,21
3463,48
3464,52
3465,56
3466,12
3467,5
3468,21
3469,21
3470,38
3471,1
3472,2
3473,7
3474,18
3475,43
3476,60
3477,84
3478,13
3479,36
3480,66
3481,36
3482,17
3483,73
3484,88
3485,2
3486,14
3487,35
3488,73
3489,12
3490,74
3491,74
3492,83
3493,36
3494,60
3495,73
3496,84
3497,83
3498,66
3499,1
3500,12
3501,38
3502,51
3503,86
3504,42
3505,27
3506,43
3507,87
3508,22
3509,60
3510,0
3511,24
3512,62
3513,37
3514,27
3515,38
3516,83
3517,43
3518,0
3519,58
3520,60
3521,62
3522,38
3523,17
3524,69
3525,48
3526,2
3527,8
3528,21
3529,24
3530,95
3531,1
3532,37
3533,65
3534,36
3535,81
3536,81
3537,48
3538,31
3539,56
3540,9
3541,60
3542,24
3543,88
3544,86
3545,2
3546,47
3547,43
3548,9
3549,74
3550,35
3551,52
3552,42
3553,17
3554,1
3555,60
3556,52
3557,24
3558,66
3559,47
3560,30
3561,20
3562,18
3563,99
3564,86
3565,2
3566,9
3567,21
3568,20
3569,99
3570,48
3571,79
3572,69
3573,24
3574,96
3575,86
3576,41
3577,97
3578,4
3579,21
3580,12
3581,83
3582,96
3583,12
3584,17
3585,38
3586,42
3587,73
3588,18
3589,36
3590,66
3591,8
3592,83
3593,69
3594,67
3595,99
3596,41
3597,24
3598,14
3599,48
3600,18
3601,62
3602,54
3603,47
3604,73
3605,56
3606,54
3607,69
3608,43
3609,20
3610,88
3611,60
3612,68
3613,66
3614,24
3615,41
3616,2
3617,30
3618,86
3619,20
3620,5
3621,99
3622,2
3623,88
3624,96
3625,54
3626,43
3627,42
3628,74
3629,54
3630,59
3631,18
3632,0
3633,73
3634,1
3635,52
3636,5
3637,52
3638,6
3639,17
3640,68
3641,86
3642,19
3643,97
3644,43
3645,52
3646,43
3647,60
3648,20
3649,95
3650,86
3651,62
3652,74
3653,21
3654,21
3655,37
3656,74
3657,18
3658,97
3659,66
3660,48
3661,95
3662,17
3663,69
3664,73
3665,54
3666,95
3667,51
3668,43
3669,65
3670,60
3671,41
3672,60
3673,18
3674,21
3675,37
3676,24
3677,1
3678,69
3679,54
3680,36
3681,6
3682,38
3683,22
3684,74
3685,7
3686,62
3687,21
3688,13
3689,51
3690,79
3691,62
3692,47
3693,8
3694,54
3695,21
3696,81
3697,41
3698,79
3699,42
3700,47
3701,58
3702,43
3703,65
3704,97
3705,0
3706,68
3707,87
3708,14
3709,74
3710,12
3711,56
3712,0
3713,65
3714,87
3715,75
3716,37
3717,75
3718,69
3719,12
3720,19
3721,68
3722,19
3723,54
3724,2
3725,0
3726,95
3727,17
3728,36
3729,43
3730,43
3731,97
3732,48
3733,35
3734,43
3735,52
3736,43
3737,79
3738,73
3739,21
3740,17
3741,73
3742,51
3743,69
3744,99
3745,79
3746,37
3747,64
3748,24
3749,65
3750,79
3751,0
3752,0
3753,2
3754,2
3755,81
3756,17
3757,5
3758,17
3759,43
3760,88
3761,83
3762,24
3763,41
3764,56
3765,84
3766,6
3767,73
3768,38
3769,81
3770,9
3771,88
3772,65
3773,56
3774,17
3775,83
3776,83
3777,74
3778,79
3779,88
3780,5
3781,83
3782,24
3783,86
3784,7
3785,69
3786,1
3787,0
3788,74
3789,6
3790,24
3791,96
3792,37
3793,84
3794,1
3795,41
3796,95
3797,24
3798,66
3799,37
3800,17
3801,83
3802,74
3803,38
3804,95
3805,36
3806,0
3807,86
3808,59
3809,21
3810,17
3811,47
3812,31
3813,68
3814,66
3815,58
3816,99
3817,48
3818,52
3819,21
3820,48
3821,31
3822,87
3823,1
3824,87
3825,13
3826,58
3827,8
3828,83
3829,31
3830,51
3831,51
3832,47
3833,68
3834,5
3835,51
3836,22
3837,67
3838,12
3839,75
3840,74
3841,47
3842,59
3843,30
3844,35
3845,21
3846,31
3847,62
3848,60
3849,42
3850,69
3851,69
3852,21
3853,83
3854,38
3855,2
3856,87
3857,48
3858,8
3859,38
3860,73
3861,24
3862,97
3863,73
3864,14
3865,47
3866,27
3867,43
3868,75
3869,9
3870,0
3871,69
3872,67
3873,8
3874,43
3875,86
3876,19
3877,79
3878,68
3879,35
3880,38
3881,42
3882,42
3883,8
3884,43
3885,1
3886,67
3887,81
3888,2
3889,75
3890,54
3891,2
3892,64
3893,20
3894,12
3895,19
3896,43
3897,37
3898,18
3899,7
3900,48
3901,54
3902,79
3903,0
3904,97
3905,60
3906,41
3907,88
3908,88
3909,68
3910,20
3911,12
3912,20
3913,24
3914,24
3915,65
3916,4
3917,24
3918,58
3919,64
3920,52
3921,69
3922,43
3923,96
3924,5
3925,5
3926,59
3927,97
3928,30
3929,30
3930,27
3931,17
3932,54
3933,12
3934,58
3935,30
3936,84
3937,0
3938,69
3939,19
3940,86
3941,13
3942,81
3943,83
3944,74
3945,42
3946,0
3947,81
3948,54
3949,56
3950,69
3951,38
3952,35
3953,62
3954,17
3955,21
3956,95
3957,75
3958,96
3959,14
3960,75
3961,38
3962,0
3963,38
3964,73
3965,96
3966,7
3967,51
3968,43
3969,47
3970,37
3971,41
3972,65
3973,69
3974,81
3975,83
3976,24
3977,5
3978,41
3979,21
3980,48
3981,18
3982,74
3983,77
3984,51
3985,36
3986,75
3987,24
3988,21
3989,24
3990,66
3991,59
3992,60
3993,5
3994,64
3995,6
3996,6
3997,31
3998,21
3999,52
4000,68
4001,1
4002,35
4003,66
4004,75
4005,38
4006,54
4007,17
4008,7
4009,62
4010,20
4011,7
4012,58
4013,83
4014,20
4015,42
4016,30
4017,30
4018,2
4019,81
4020,24
4021,14
4022,51
4023,24
4024,68
4025,60
4026,59
4027,81
4028,48
4029,54
4030,7
4031,83
4032,17
4033,0
4034,87
4035,52
4036,2
4037,5
4038,41
4039,43
4040,74
4041,21
4042,79
4043,2
4044,21
4045,47
4046,88
4047,41
4048,69
4049,66
4050,54
4051,43
4052,62
4053,87
4054,38
4055,86
4056,6
4057,27
4058,5
4059,31
4060,37
4061,20
4062,83
4063,69
4064,75
4065,37
4066,1
4067,64
4068,95
4069,99
4070,38
4071,2
4072,43
4073,60
4074,95
4075,5
4076,4
4077,36
4078,96
4079,99
4080,58
4081,51
4082,97
4083,37
4084,38
4085,30
4086,52
4087,20
4088,73
4089,51
4090,97
4091,88
4092,99
4093,69
4094,21
4095,81
4096,30
4097,6
4098,43
4099,83
4100,0
4101,81
4102,24
4103,47
4104,95
4105,69
4106,8
4107,64
4108,74
4109,9
4110,54
4111,87
4112,1
4113,18
4114,75
4115,54
4116,24
4117,97
4118,43
4119,65
4120,75
4121,68
4122,17
4123,20
4124,60
4125,20
4126,51
4127,97
4128,83
4129,1
4130,60
4131,77
4132,62
4133,17
4134,39
4135,88
4136,41
4137,12
4138,38
4139,24
4140,79
4141,9
4142,60
4143,24
4144,83
4145,19
4146,21
4147,48
4148,1
4149,96
4150,43
4151,6
4152,17
4153,42
4154,5
4155,43
4156,36
4157,77
4158,69
4159,83
4160,36
4161,66
4162,21
4163,22
4164,21
4165,67
4166,51
4167,60
4168,74
4169,73
4170,54
4171,0
4172,68
4173,13
4174,47
4175,83
4176,36
4177,88
4178,35
4179,87
4180,2
4181,21
4182,43
4183,66
4184,65
4185,21
4186,20
4187,21
4188,6
4189,68
4190,42
4191,52
4192,60
4193,69
4194,17
4195,99
4196,81
4197,9
4198,42
4199,68
4200,58
4201,86
4202,95
4203,43
4204,86
4205,24
4206,75
4207,95
4208,6
4209,96
4210,81
4211,31
4212,60
4213,52
4214,20
4215,21
4216,54
4217,0
4218,31
4219,24
4220,95
4221,83
4222,38
4223,41
4224,47
4225,74
4226,5
4227,2
4228,60
4229,51
4230,54
4231,17
4232,96
4233,54
4234,64
4235,69
4236,42
4237,24
4238,38
4239,8
4240,84
4241,2
4242,75
4243,86
4244,30
4245,0
4246,27
4247,2
4248,75
4249,65
4250,96
4251,37
4252,36
4253,65
4254,43
4255,51
4256,37
4257,2
4258,86
4259,20
4260,19
4261,17
4262,95
4263,1
4264,88
4265,24
4266,43
4267,1
4268,18
4269,37
4270,87
4271,97
4272,14
4273,2
4274,24
4275,73
4276,19
4277,2
4278,30
4279,38
4280,79
4281,38
4282,73
4283,20
4284,5
4285,38
4286,36
4287,35
4288,56
4289,0
4290,21
4291,12
4292,27
4293,75
4294,97
4295,6
4296,21
4297,99
4298,7
4299,37
4300,95
4301,2
4302,21
4303,43
4304,88
4305,21
4306,43
4307,48
4308,20
4309,18
4310,60
4311,14
4312,68
4313,43
4314,36
4315,1
4316,81
4317,54
4318,8
4319,7
4320,42
4321,48
4322,12
4323,21
4324,86
4325,73
4326,9
4327,68
4328,65
4329,5
4330,59
4331,36
4332,0
4333,43
4334,21
4335,58
4336,54
4337,6
4338,39
4339,81
4340,0
4341,69
4342,75
4343,65
4344,27
4345,5
4346,2
4347,21
4348,24
4349,7
4350,97
4351,67
4352,77
4353,31
4354,65
4355,86
4356,73
4357,74
4358,60
4359,17
4360,0
4361,7
4362,52
4363,43
4364,75
4365,43
4366,37
4367,36
4368,83
4369,58
4370,56
4371,30
4372,6
4373,62
4374,6
4375,68
4376,6
4377,0
4378,38
4379,17
4380,95
4381,17
4382,21
4383,5
4384,87
4385,88
4386,31
4387,83
4388,95
4389,99
4390,8
4391,39
4392,24
4393,9
4394,51
4395,2
4396,54
4397,37
4398,52
4399,20
4400,24
4401,54
4402,74
4403,83
4404,81
4405,74
4406,31
4407,24
4408,69
4409,51
4410,31
4411,47
4412,75
4413,27
4414,73
4415,37
4416,17
4417,36
4418,24
4419,19
4420,2
4421,68
4422,9
4423,66
4424,75
4425,41
4426,35
4427,66
4428,52
4429,42
4430,43
4431,18
4432,43
4433,0
4434,83
4435,47
4436,14
4437,17
4438,47
4439,88
4440,38
4441,2
4442,62
4443,86
4444,20
4445,20
4446,56
4447,42
4448,69
4449,88
4450,43
4451,38
4452,6
4453,0
4454,38
4455,6
4456,75
4457,14
4458,65
4459,54
4460,52
4461,48
4462,74
4463,22
4464,86
4465,96
4466,5
4467,86
4468,39
4469,42
4470,66
4471,83
4472,24
4473,86
4474,19
4475,21
4476,1
4477,75
4478,66
4479,73
4480,0
4481,75
4482,56
4483,21
4484,36
4485,42
4486,38
4487,48
4488,73
4489,58
4490,81
4491,31
4492,60
4493,38
4494,17
4495,5
4496,43
4497,59
4498,17
4499,47
4500,81
4501,21
4502,62
4503,30
4504,74
4505,42
4506,48
4507,17
4508,17
4509,27
4510,22
4511,22
4512,21
4513,20
4514,43
4515,19
4516,64
4517,37
4518,75
4519,43
4520,0
4521,37
4522,73
4523,2
4524,69
4525,1
4526,0
4527,79
4528,99
4529,88
4530,96
4531,14
4532,31
4533,96
4534,0
4535,37
4536,81
4537,21
4538,58
4539,77
4540,58
4541,96
4542,52
4543,14
4544,9
4545,43
4546,20
4547,24
4548,42
4549,43
4550,38
4551,79
4552,1
4553,52
4554,75
4555,8
4556,60
4557,1
4558,31
4559,69
4560,2
4561,31
4562,54
4563,17
4564,24
4565,1
4566,95
4567,0
4568,5
4569,42
4570,65
4571,73
4572,14
4573,97
4574,2
4575,54
4576,43
4577,42
4578,41
4579,86
4580,95
4581,47
4582,52
4583,18
4584,68
4585,21
4586,87
4587,83
4588,58
4589,84
4590,18
4591,24
4592,79
4593,79
4594,86
4595,41
4596,18
4597,30
4598,68
4599,21
4600,62
4601,59
4602,97
4603,4
4604,18
4605,83
4606,43
4607,99
4608,43
4609,48
4610,47
4611,8
4612,5
4613,0
4614,30
4615,60
4616,66
4617,52
4618,97
4619,21
4620,96
4621,74
4622,6
4623,81
4624,62
4625,20
4626,21
4627,21
4628,21
4629,22
4630,75
4631,36
4632,47
4633,81
4634,64
4635,81
4636,66
4637,6
4638,84
4639,37
4640,58
4641,1
4642,56
4643,67
4644,21
4645,67
4646,54
4647,36
4648,2
4649,42
4650,95
4651,68
4652,59
4653,51
4654,39
4655,36
4656,13
4657,52
4658,81
4659,1
4660,12
4661,27
4662,73
4663,17
4664,97
4665,79
4666,5
4667,74
4668,5
4669,96
4670,65
4671,79
4672,51
4673,47
4674,37
4675,58
4676,14
4677,64
4678,58
4679,5
4680,81
4681,48
4682,96
4683,24
4684,62
4685,18
4686,7
4687,65
4688,83
4689,5
4690,56
4691,17
4692,75
4693,1
4694,37
4695,24
4696,68
4697,9
4698,9
4699,54
4700,14
4701,62
4702,42
4703,43
4704,48
4705,0
4706,38
4707,99
4708,41
4709,24
4710,42
4711,43
4712,18
4713,97
4714,43
4715,21
4716,69
4717,8
4718,30
4719,96
4720,42
4721,36
4722,20
4723,1
4724,42
4725,20
4726,96
4727,43
4728,86
4729,96
4730,52
4731,81
4732,14
4733,27
4734,36
4735,54
4736,17
4737,96
4738,54
4739,69
4740,31
4741,41
4742,19
4743,30
4744,69
4745,21
4746,81
4747,52
4748,74
4749,97
4750,2
4751,38
4752,43
4753,83
4754,38
4755,2
4756,5
4757,19
4758,86
4759,67
4760,0
4761,65
4762,5
4763,1
4764,95
4765,8
4766,5
4767,0
4768,52
4769,13
4770,30
4771,81
4772,41
4773,58
4774,60
4775,51
4776,95
4777,69
4778,7
4779,88
4780,41
4781,24
4782,67
4783,97
4784,12
4785,83
4786,97
4787,43
4788,13
4789,2
4790,1
4791,21
4792,0
4793,37
4794,95
4795,59
4796,24
4797,1
4798,97
4799,86
4800,42
4801,59
4802,58
4803,69
4804,36
4805,73
4806,38
4807,17
4808,17
4809,62
4810,56
4811,65
4812,43
4813,1
4814,22
4815,24
4816,69
4817,38
4818,5
4819,21
4820,36
4821,13
4822,59
4823,0
4824,86
4825,2
4826,95
4827,51
4828,18
4829,67
4830,58
4831,83
4832,7
4833,37
4834,39
4835,6
4836,2
4837,22
4838,48
4839,0
4840,43
4841,69
4842,43
4843,8
4844,68
4845,99
4846,54
4847,1
4848,9
4849,17
4850,38
4851,83
4852,37
4853,83
4854,43
4855,54
4856,43
4857,1
4858,69
4859,22
4860,75
4861,43
4862,48
4863,65
4864,59
4865,0
4866,68
4867,27
4868,51
4869,99
4870,75
4871,88
4872,79
4873,75
4874,96
4875,79
4876,83
4877,42
4878,84
4879,17
4880,86
4881,21
4882,68
4883,52
4884,51
4885,54
4886,2
4887,5
4888,30
4889,60
4890,9
4891,51
4892,48
4893,60
4894,24
4895,65
4896,62
4897,67
4898,48
4899,86
4900,88
4901,66
4902,87
4903,74
4904,37
4905,24
4906,6
4907,21
4908,7
4909,95
4910,65
4911,21
4912,83
4913,56
4914,38
4915,7
4916,60
4917,35
4918,24
4919,67
4920,69
4921,27
4922,4
4923,0
4924,86
4925,56
4926,99
4927,48
4928,27
4929,66
4930,56
4931,52
4932,54
4933,8
4934,24
4935,2
4936,31
4937,2
4938,67
4939,0
4940,67
4941,24
4942,21
4943,38
4944,41
4945,99
4946,1
4947,0
4948,0
4949,65
4950,81
4951,24
4952,79
4953,2
4954,47
4955,59
4956,6
4957,96
4958,21
4959,56
4960,97
4961,6
4962,2
4963,83
4964,56
4965,0
4966,24
4967,60
4968,75
4969,21
4970,75
4971,42
4972,87
4973,68
4974,24
4975,47
4976,21
4977,83
4978,0
4979,30
4980,42
4981,17
4982,51
4983,5
4984,42
4985,79
4986,13
4987,18
4988,54
4989,0
4990,54
4991,51
4992,51
4993,74
4994,64
4995,0
4996,54
4997,27
4998,86
4999,42
5000,13
5001,83
5002,83
5003,14
5004,12
5005,6
5006,60
5007,95
5008,21
5009,19
5010,65
5011,17
5012,8
5013,7
5014,68
5015,81
5016,42
5017,54
5018,68
5019,47
5020,60
5021,1
5022,20
5023,99
5024,20
5025,47
5026,2
5027,43
5028,54
5029,42
5030,9
5031,8
5032,87
5033,43
5034,36
5035,81
5036,59
5037,41
5038,7
5039,68
5040,77
5041,17
5042,24
5043,21
5044,88
5045,60
5046,21
5047,51
5048,86
5049,56
5050,75
5051,7
5052,67
5053,60
5054,0
5055,43
5056,24
5057,56
5058,22
5059,56
5060,97
5061,0
5062,69
5063,37
5064,39
5065,83
5066,17
5067,37
5068,81
5069,1
5070,0
5071,24
5072,77
5073,88
5074,86
5075,75
5076,21
5077,74
5078,65
5079,75
5080,56
5081,37
5082,2
5083,2
5084,18
5085,51
5086,21
5087,43
5088,87
5089,52
5090,21
5091,95
5092,21
5093,60
5094,52
5095,77
5096,20
5097,1
5098,68
5099,43
5100,69
5101,65
5102,75
5103,38
5104,30
5105,68
5106,18
5107,24
5108,83
5109,88
5110,21
5111,18
5112,31
5113,38
5114,58
5115,17
5116,99
5117,35
5118,5
5119,68
5120,21
5121,52
5122,59
5123,14
5124,14
5125,87
5126,60
5127,73
5128,74
5129,21
5130,81
5131,2
5132,31
5133,5
5134,0
5135,97
5136,68
5137,56
5138,6
5139,54
5140,5
5141,51
5142,86
5143,74
5144,0
5145,47
5146,22
5147,2
5148,6
5149,37
5150,38
5151,99
5152,1
5153,30
5154,38
5155,24
5156,41
5157,30
5158,47
5159,38
5160,1
5161,54
5162,48
5163,81
5164,75
5165,21
5166,97
5167,21
5168,2
5169,12
5170,0
5171,20
5172,20
5173,67
5174,59
5175,58
5176,37
5177,36
5178,43
5179,87
5180,1
5181,83
5182,36
5183,2
5184,81
5185,43
5186,69
5187,69
5188,68
5189,88
5190,12
5191,24
5192,68
5193,69
5194,79
5195,54
5196,69
5197,9
5198,24
5199,66
5200,21
5201,81
5202,20
5203,84
5204,41
5205,12
5206,42
5207,74
5208,75
5209,18
5210,68
5211,0
5212,60
5213,39
5214,24
5215,88
5216,86
5217,75
5218,14
5219,88
5220,65
5221,30
5222,41
5223,52
5224,52
5225,73
5226,36
5227,68
5228,30
5229,86
5230,0
5231,88
5232,5
5233,5
5234,79
5235,56
5236,37
5237,52
5238,96
5239,22
5240,60
5241,60
5242,18
5243,66
5244,7
5245,56
5246,24
5247,99
5248,59
5249,5
5250,54
5251,9
5252,21
5253,42
5254,42
5255,21
5256,30
5257,81
5258,51
5259,69
5260,14
5261,14
5262,67
5263,52
5264,60
5265,52
5266,52
5267,17
5268,69
5269,69
5270,99
5271,36
5272,81
5273,17
5274,14
5275,95
5276,2
5277,43
5278,83
5279,51
5280,68
5281,12
5282,83
5283,73
5284,96
5285,5
5286,43
5287,17
5288,8
5289,83
5290,79
5291,64
5292,83
5293,97
5294,14
5295,86
5296,14
5297,51
5298,88
5299,97
5300,51
5301,68
5302,6
5303,47
5304,48
5305,67
5306,0
5307,74
5308,0
5309,0
5310,87
5311,86
5312,36
5313,60
5314,17
5315,20
5316,38
5317,19
5318,38
5319,54
5320,75
5321,37
5322,74
5323,60
5324,41
5325,75
5326,6
5327,8
5328,5
5329,42
5330,18
5331,35
5332,83
5333,66
5334,36
5335,13
5336,97
5337,59
5338,21
5339,56
5340,59
5341,73
5342,48
5343,54
5344,59
5345,43
5346,7
5347,97
5348,31
5349,1
5350,48
5351,81
5352,36
5353,24
5354,96
5355,17
5356,74
5357,69
5358,42
5359,86
5360,8
5361,2
5362,74
5363,97
5364,77
5365,96
5366,18
5367,86
5368,95
5369,20
5370,0
5371,38
5372,20
5373,74
5374,21
5375,51
5376,36
5377,65
5378,54
5379,60
5380,95
5381,54
5382,83
5383,38
5384,60
5385,7
5386,43
5387,0
5388,30
5389,6
5390,62
5391,2
5392,69
5393,54
5394,65
5395,20
5396,74
5397,24
5398,86
5399,42
5400,17
5401,54
5402,99
5403,6
5404,35
5405,42
5406,27
5407,74
5408,9
5409,60
5410,52
5411,36
5412,62
5413,86
5414,35
5415,24
5416,21
5417,99
5418,24
5419,5
5420,73
5421,1
5422,36
5423,12
5424,66
5425,97
5426,86
5427,83
5428,43
5429,59
5430,48
5431,9
5432,8
5433,74
5434,52
5435,51
5436,83
5437,75
5438,1
5439,60
5440,9
5441,7
5442,12
5443,69
5444,0
5445,47
5446,0
5447,73
5448,56
5449,31
5450,14
5451,6
5452,47
5453,43
5454,86
5455,60
5456,24
5457,6
5458,74
5459,68
5460,48
5461,66
5462,96
5463,22
5464,48
5465,17
5466,21
5467,88
5468,95
5469,66
5470,52
5471,2
5472,43
5473,20
5474,43
5475,75
5476,62
5477,81
5478,36
5479,39
5480,31
5481,79
5482,86
5483,38
5484,51
5485,83
5486,73
5487,24
5488,67
5489,38
5490,75
5491,1
5492,21
5493,88
5494,31
5495,58
5496,0
5497,18
5498,5
5499,27
5500,60
5501,88
5502,5
5503,7
5504,58
5505,48
5506,6
5507,19
5508,0
5509,69
5510,42
5511,59
5512,84
5513,38
5514,54
5515,14
5516,17
5517,84
5518,24
5519,56
5520,0
5521,20
5522,86
5523,5
5524,2
5525,31
5526,54
5527,2
5528,96
5529,6
5530,24
5531,31
5532,36
5533,75
5534,42
5535,21
5536,81
5537,68
5538,96
5539,96
5540,74
5541,75
5542,12
5543,38
5544,97
5545,35
5546,74
5547,17
5548,21
5549,20
5550,20
5551,69
5552,48
5553,0
5554,95
5555,86
5556,7
5557,52
5558,6
5559,24
5560,1
5561,60
5562,68
5563,59
5564,35
5565,51
5566,2
5567,69
5568,81
5569,43
5570,43
5571,17
5572,48
5573,51
5574,21
5575,9
5576,69
5577,43
5578,13
5579,42
5580,68
5581,17
5582,86
5583,7
5584,54
5585,73
5586,22
5587,5
5588,75
5589,18
5590,96
5591,74
5592,1
5593,41
5594,62
5595,88
5596,86
5597,69
5598,74
5599,2
5600,69
5601,42
5602,35
5603,20
5604,14
5605,42
5606,6
5607,54
5608,69
5609,21
5610,18
5611,69
5612,48
5613,87
5614,84
5615,31
5616,51
5617,66
5618,68
5619,48
5620,17
5621,42
5622,54
5623,35
5624,56
5625,35
5626,43
5627,31
5628,66
5629,37
5630,68
5631,54
5632,81
5633,30
5634,12
5635,66
5636,35
5637,17
5638,51
5639,18
5640,41
5641,69
5642,86
5643,36
5644,42
5645,47
5646,9
5647,22
5648,18
5649,9
5650,48
5651,27
5652,67
5653,88
5654,48
5655,24
5656,30
5657,60
5658,62
5659,74
5660,68
5661,96
5662,14
5663,21
5664,0
5665,38
5666,5
5667,73
5668,62
5669,52
5670,75
5671,74
5672,21
5673,69
5674,7
5675,0
5676,36
5677,24
5678,20
5679,0
5680,83
5681,74
5682,43
5683,20
5684,54
5685,83
5686,9
5687,27
5688,65
5689,2
5690,8
5691,48
5692,1
5693,21
5694,21
5695,60
5696,5
5697,36
5698,66
5699,99
5700,56
5701,64
5702,21
5703,60
5704,2
5705,24
5706,54
5707,56
5708,65
5709,8
5710,38
5711,6
5712,24
5713,54
5714,65
5715,1
5716,0
5717,81
5718,7
5719,87
5720,1
5721,12
5722,56
5723,38
5724,54
5725,0
5726,51
5727,83
5728,8
5729,30
5730,66
5731,0
5732,37
5733,20
5734,12
5735,67
5736,21
5737,20
5738,87
5739,2
5740,5
5741,9
5742,83
5743,12
5744,74
5745,14
5746,84
5747,43
5748,37
5749,37
5750,67
5751,59
5752,8
5753,1
5754,95
5755,59
5756,58
5757,51
5758,97
5759,99
5760,83
5761,47
5762,47
5763,60
5764,8
5765,97
5766,21
5767,21
5768,5
5769,2
5770,14
5771,24
5772,31
5773,73
5774,6
5775,8
5776,5
5777,69
5778,12
5779,43
5780,75
5781,43
5782,42
5783,2
5784,62
5785,74
5786,36
5787,43
5788,58
5789,83
5790,68
5791,73
5792,24
5793,13
5794,31
5795,99
5796,59
5797,74
5798,2
5799,62
5800,83
5801,42
5802,38
5803,30
5804,67
5805,30
5806,41
5807,0
5808,97
5809,83
5810,75
5811,5
5812,7
5813,95
5814,12
5815,5
5816,60
5817,37
5818,37
5819,86
5820,51
5821,54
5822,59
5823,9
5824,62
5825,43
5826,43
5827,59
5828,81
5829,38
5830,27
5831,31
5832,97
5833,97
5834,13
5835,24
5836,54
5837,56
5838,88
5839,41
5840,83
5841,7
5842,56
5843,42
5844,0
5845,2
5846,52
5847,24
5848,62
5849,21
5850,38
5851,73
5852,43
5853,81
5854,47
5855,48
5856,30
5857,17
5858,48
5859,6
5860,1
5861,83
5862,36
5863,83
5864,60
5865,9
5866,54
5867,7
5868,52
5869,68
5870,27
5871,86
5872,74
5873,74
5874,74
5875,99
5876,86
5877,88
5878,79
5879,86
5880,17
5881,62
5882,13
5883,86
5884,88
5885,0
5886,52
5887,1
5888,30
5889,36
5890,36
5891,74
5892,5
5893,48
5894,2
5895,75
5896,14
5897,14
5898,43
5899,21
5900,0
5901,37
5902,75
5903,36
5904,5
5905,42
5906,0
5907,73
5908,56
5909,67
5910,65
5911,64
5912,97
5913,0
5914,0
5915,43
5916,56
5917,47
5918,41
5919,47
5920,81
5921,2
5922,65
5923,7
5924,31
5925,52
5926,20
5927,99
5928,54
5929,18
5930,54
5931,83
5932,5
5933,79
5934,67
5935,73
5936,13
5937,5
5938,21
5939,54
5940,8
5941,60
5942,69
5943,88
5944,38
5945,48
5946,19
5947,38
5948,51
5949,88
5950,58
5951,69
5952,17
5953,68
5954,75
5955,66
5956,88
5957,37
5958,43
5959,22
5960,6
5961,67
5962,81
5963,2
5964,43
5965,60
5966,42
5967,54
5968,87
5969,81
5970,68
5971,83
5972,14
5973,51
5974,81
5975,62
5976,21
5977,52
5978,22
5979,31
5980,48
5981,24
5982,31
5983,20
5984,21
5985,37
5986,95
5987,5
5988,86
5989,59
5990,24
5991,54
5992,24
5993,83
5994,54
5995,24
5996,6
5997,17
5998,54
5999,21
6000,42
6001,18
6002,9
6003,69
6004,47
6005,52
6006,95
6007,88
6008,0
6009,69
6010,69
6011,17
6012,81
6013,73
6014,14
6015,97
6016,67
6017,30
6018,24
6019,68
6020,56
6021,6
6022,12
6023,5
6024,64
6025,64
6026,43
6027,64
6028,22
6029,95
6030,84
6031,69
6032,47
6033,73
6034,17
6035,14
6036,30
6037,35
6038,54
6039,31
6040,27
6041,86
6042,83
6043,54
6044,7
6045,36
6046,5
6047,83
6048,59
6049,62
6050,58
6051,84
6052,31
6053,31
6054,30
6055,42
6056,20
6057,9
6058,21
6059,69
6060,5
6061,1
6062,31
6063,17
6064,14
6065,24
6066,81
6067,66
6068,42
6069,87
6070,37
6071,51
6072,37
6073,24
6074,68
6075,5
6076,65
6077,21
6078,47
6079,0
6080,42
6081,75
6082,2
6083,17
6084,24
6085,27
6086,74
6087,20
6088,5
6089,9
6090,21
6091,31
6092,97
6093,51
6094,43
6095,5
6096,43
6097,27
6098,20
6099,0
6100,68
6101,58
6102,0
6103,1
6104,21
6105,2
6106,56
6107,60
6108,75
6109,43
6110,43
6111,8
6112,99
6113,21
6114,60
6115,1
6116,37
6117,13
6118,96
6119,22
6120,5
6121,24
6122,42
6123,14
6124,42
6125,67
6126,54
6127,6
6128,54
6129,69
6130,31
6131,39
6132,21
6133,6
6134,75
6135,65
6136,74
6137,52
6138,0
6139,36
6140,75
6141,20
6142,52
6143,36
6144,48
6145,2
6146,24
6147,31
6148,5
6149,12
6150,73
6151,74
6152,43
6153,66
6154,8
6155,6
6156,96
6157,68
6158,21
6159,56
6160,88
6161,51
6162,5
6163,88
6164,56
6165,20
6166,83
6167,0
6168,83
6169,0
6170,0
6171,35
6172,17
6173,95
6174,47
6175,88
6176,95
6177,54
6178,54
6179,12
6180,43
6181,68
6182,13
6183,60
6184,56
6185,84
6186,24
6187,69
6188,99
6189,68
6190,74
6191,87
6192,58
6193,88
6194,75
6195,51
6196,1
6197,36
6198,54
6199,83
6200,31
6201,88
6202,73
6203,8
6204,38
6205,30
6206,73
6207,42
6208,60
6209,66
6210,42
6211,95
6212,9
6213,58
6214,14
6215,51
6216,69
6217,9
6218,97
6219,1
6220,59
6221,6
6222,62
6223,17
6224,81
6225,2
6226,88
6227,36
6228,75
6229,97
6230,88
6231,21
6232,69
6233,20
6234,95
6235,68
6236,96
6237,43
6238,22
6239,9
6240,67
6241,62
6242,74
6243,27
6244,21
6245,20
6246,59
6247,6
6248,73
6249,96
6250,60
6251,21
6252,1
6253,0
6254,83
6255,21
6256,2
6257,69
6258,24
6259,69
6260,17
6261,96
6262,81
6263,0
6264,52
6265,54
6266,22
6267,22
6268,54
6269,24
6270,35
6271,67
6272,62
6273,21
6274,56
6275,60
6276,38
6277,7
6278,1
6279,48
6280,2
6281,8
6282,14
6283,69
6284,43
6285,39
6286,38
6287,67
6288,27
6289,65
6290,36
6291,2
6292,74
6293,56
6294,51
6295,52
6296,54
6297,8
6298,6
6299,86
6300,31
6301,2
6302,5
6303,31
6304,69
6305,87
6306,74
6307,20
6308,74
6309,24
6310,79
6311,12
6312,54
6313,24
6314,14
6315,0
6316,56
6317,62
6318,95
6319,47
6320,88
6321,43
6322,37
6323,86
6324,79
6325,7
6326,14
6327,84
6328,2
6329,9
6330,74
6331,31
6332,52
6333,56
6334,38
6335,97
6336,7
6337,69
6338,41
6339,81
6340,81
6341,68
6342,22
6343,83
6344,7
6345,30
6346,38
6347,65
6348,2
6349,95
6350,0
6351,54
6352,60
6353,13
6354,12
6355,30
6356,65
6357,21
6358,73
6359,21
6360,48
6361,24
6362,59
6363,37
6364,20
6365,24
6366,62
6367,47
6368,1
6369,2
6370,87
6371,60
6372,74
6373,12
6374,35
6375,14
6376,12
6377,51
6378,13
6379,17
6380,83
6381,54
6382,66
6383,54
6384,20
6385,73
6386,69
6387,21
6388,6
6389,75
6390,5
6391,43
6392,68
6393,38
6394,60
6395,42
6396,75
6397,0
6398,17
6399,36
6400,1
6401,42
6402,67
6403,0
6404,67
6405,52
6406,17
6407,59
6408,36
6409,2
6410,69
6411,12
6412,37
6413,0
6414,1
6415,0
6416,83
6417,0
6418,65
6419,54
6420,77
6421,60
6422,31
6423,21
6424,66
6425,68
6426,52
6427,17
6428,24
6429,5
6430,59
6431,51
6432,77
6433,54
6434,66
6435,86
6436,65
6437,75
6438,20
6439,36
6440,48
6441,54
6442,4
6443,42
6444,96
6445,43
6446,14
6447,51
6448,99
6449,81
6450,86
6451,20
6452,1
6453,48
6454,56
6455,42
6456,43
6457,54
6458,58
6459,97
6460,12
6461,99
6462,14
6463,54
6464,58
6465,19
6466,69
6467,18
6468,31
6469,43
6470,2
6471,30
6472,35
6473,13
6474,31
6475,69
6476,62
6477,36
6478,17
6479,52
6480,59
6481,43
6482,22
6483,43
6484,5
6485,86
6486,97
6487,35
6488,35
6489,95
6490,22
6491,20
6492,74
6493,20
6494,21
6495,20
6496,21
6497,24
6498,18
6499,1
6500,22
6501,68
6502,0
6503,48
6504,59
6505,83
6506,81
6507,77
6508,96
6509,1
6510,69
6511,86
6512,0
6513,31
6514,52
6515,43
6516,83
6517,12
6518,38
6519,47
6520,48
6521,88
6522,8
6523,67
6524,20
6525,24
6526,99
6527,42
6528,56
6529,30
6530,87
6531,1
6532,14
6533,20
6534,48
6535,24
6536,43
6537,5
6538,31
6539,21
6540,75
6541,24
6542,96
6543,39
6544,2
6545,20
6546,69
6547,48
6548,56
6549,77
6550,1
6551,62
6552,74
6553,12
6554,18
6555,66
6556,81
6557,95
6558,51
6559,87
6560,5
6561,74
6562,96
6563,60
6564,43
6565,96
6566,88
6567,31
6568,36
6569,17
6570,22
6571,24
6572,68
6573,35
6574,58
6575,21
6576,68
6577,19
6578,38
6579,7
6580,56
6581,21
6582,36
6583,36
6584,48
6585,2
6586,60
6587,48
6588,68
6589,95
6590,2
6591,20
6592,21
6593,47
6594,20
6595,38
6596,67
6597,41
6598,73
6599,43
6600,8
6601,83
6602,9
6603,51
6604,54
6605,38
6606,88
6607,52
6608,47
6609,54
6610,68
6611,2
6612,52
6613,73
6614,87
6615,54
6616,35
6617,35
6618,97
6619,86
6620,52
6621,17
6622,21
6623,65
6624,2
6625,18
6626,27
6627,24
6628,0
6629,17
6630,84
6631,88
6632,7
6633,41
6634,83
6635,1
6636,95
6637,79
6638,73
6639,21
6640,37
6641,62
6642,21
6643,60
6644,65
6645,30
6646,69
6647,62
6648,97
6649,56
6650,73
6651,2
6652,97
6653,48
6654,43
6655,20
6656,86
6657,5
6658,5
6659,18
6660,36
6661,60
6662,6
6663,83
6664,38
6665,86
6666,42
6667,48
6668,6
6669,20
6670,69
6671,68
6672,35
6673,21
6674,12
6675,21
6676,62
6677,1
6678,13
6679,97
6680,68
6681,42
6682,69
6683,5
6684,69
6685,96
6686,37
6687,6
6688,75
6689,87
6690,77
6691,17
6692,88
6693,68
6694,21
6695,54
6696,17
6697,0
6698,2
6699,75
6700,24
6701,36
6702,95
6703,21
6704,97
6705,74
6706,14
6707,73
6708,47
6709,22
6710,5
6711,5
6712,35
6713,88
6714,2
6715,22
6716,2
6717,60
6718,21
6719,43
6720,1
6721,27
6722,24
6723,97
6724,75
6725,37
6726,68
6727,30
6728,74
6729,51
6730,48
6731,38
6732,24
6733,66
6734,5
6735,43
6736,30
6737,14
6738,41
6739,69
6740,83
6741,47
6742,48
6743,58
6744,59
6745,43
6746,97
6747,9
6748,24
6749,20
6750,9
6751,43
6752,7
6753,1
6754,62
6755,62
6756,67
6757,52
6758,35
6759,95
6760,8
6761,5
6762,17
6763,58
6764,48
6765,97
6766,27
6767,27
6768,52
6769,69
6770,5
6771,56
6772,68
6773,52
6774,65
6775,35
6776,12
6777,8
6778,0
6779,81
6780,43
6781,99
6782,41
6783,83
6784,24
6785,17
6786,1
6787,62
6788,77
6789,43
6790,5
6791,12
6792,81
6793,69
6794,77
6795,22
6796,75
6797,24
6798,68
6799,48
6800,41
6801,36
6802,88
6803,77
6804,31
6805,2
6806,0
6807,6
6808,24
6809,0
6810,67
6811,66
6812,68
6813,56
6814,81
6815,4
6816,68
6817,66
6818,42
6819,36
6820,52
6821,62
6822,17
6823,43
6824,97
6825,0
6826,86
6827,0
6828,83
6829,52
6830,58
6831,5
6832,42
6833,54
6834,31
6835,17
6836,96
6837,75
6838,30
6839,62
6840,20
6841,24
6842,2
6843,35
6844,20
6845,1
6846,14
6847,83
6848,56
6849,51
6850,73
6851,24
6852,54
6853,31
6854,27
6855,1
6856,88
6857,41
6858,81
6859,62
6860,41
6861,37
6862,21
6863,27
6864,68
6865,66
6866,17
6867,69
6868,48
6869,43
6870,60
6871,66
6872,14
6873,58
6874,12
6875,0
6876,54
6877,54
6878,65
6879,2
6880,7
6881,68
6882,17
6883,35
6884,58
6885,86
6886,9
6887,21
6888,38
6889,5
6890,22
6891,65
6892,99
6893,0
6894,13
6895,27
6896,54
6897,88
6898,31
6899,9
6900,20
6901,86
6902,58
6903,5
6904,12
6905,14
6906,54
6907,81
6908,68
6909,83
6910,67
6911,51
6912,68
6913,35
6914,48
6915,97
6916,56
6917,38
6918,67
6919,24
6920,30
6921,5
6922,0
6923,31
6924,43
6925,18
6926,52
6927,54
6928,83
6929,12
6930,37
6931,0
6932,87
6933,18
6934,54
6935,36
6936,83
6937,84
6938,31
6939,62
6940,68
6941,38
6942,36
6943,20
6944,54
6945,96
6946,21
6947,83
6948,59
6949,18
6950,56
6951,21
6952,73
6953,69
6954,48
6955,73
6956,83
6957,60
6958,8
6959,41
6960,24
6961,37
6962,86
6963,67
6964,97
6965,81
6966,60
6967,66
6968,24
6969,18
6970,4
6971,38
6972,14
6973,59
6974,96
6975,0
6976,86
6977,24
6978,56
6979,54
6980,2
6981,69
6982,37
6983,52
6984,2
6985,21
6986,48
6987,13
6988,99
6989,75
6990,7
6991,69
6992,60
6993,51
6994,56
6995,66
6996,43
6997,38
6998,2
6999,6
7000,35
7001,39
7002,51
7003,7
7004,42
7005,47
7006,31
7007,83
7008,1
7009,73
7010,42
7011,58
7012,9
7013,21
7014,21
7015,17
7016,42
7017,6
7018,74
7019,83
7020,38
7021,43
7022,83
7023,48
7024,56
7025,54
7026,17
7027,5
7028,97
7029,39
7030,69
7031,52
7032,74
7033,95
7034,88
7035,62
7036,8
7037,36
7038,86
7039,99
7040,62
7041,83
7042,73
7043,60
7044,54
7045,27
7046,5
7047,1
7048,30
7049,62
7050,87
7051,37
7052,86
7053,20
7054,37
7055,97
7056,62
7057,17
7058,54
7059,24
7060,43
7061,64
7062,0
7063,20
7064,5
7065,22
7066,74
7067,97
7068,56
7069,59
7070,81
7071,24
7072,39
7073,42
7074,24
7075,79
7076,2
7077,35
7078,97
7079,21
7080,13
7081,95
7082,24
7083,88
7084,65
7085,38
7086,6
7087,5
7088,7
7089,39
7090,9
7091,67
7092,79
7093,65
7094,21
7095,24
7096,43
7097,1
7098,68
7099,58
7100,68
7101,24
7102,68
7103,69
7104,54
7105,41
7106,21
7107,17
7108,31
7109,48
7110,84
7111,65
7112,79
7113,54
7114,7
7115,31
7116,12
7117,48
7118,56
7119,51
7120,54
7121,37
7122,54
7123,99
7124,51
7125,97
7126,0
7127,74
7128,24
7129,58
7130,6
7131,88
7132,52
7133,24
7134,20
7135,64
7136,54
7137,88
7138,8
7139,62
7140,24
7141,77
7142,7
7143,83
7144,13
7145,68
7146,31
7147,38
7148,95
7149,86
7150,65
7151,95
7152,24
7153,43
7154,69
7155,17
7156,81
7157,19
7158,74
7159,9
7160,48
7161,36
7162,38
7163,35
7164,96
7165,69
7166,14
7167,69
7168,62
7169,75
7170,65
7171,35
7172,86
7173,97
7174,75
7175,51
7176,97
7177,74
7178,9
7179,83
7180,68
7181,14
7182,58
7183,35
7184,22
7185,67
7186,96
7187,83
7188,17
7189,74
7190,99
7191,2
7192,20
7193,38
7194,14
7195,51
7196,66
7197,62
7198,37
7199,62
7200,31
7201,96
7202,24
7203,62
7204,9
7205,31
7206,65
7207,58
7208,21
7209,48
7210,52
7211,19
7212,68
7213,24
7214,60
7215,60
7216,69
7217,12
7218,83
7219,0
7220,38
7221,35
7222,95
7223,36
7224,69
7225,2
7226,79
7227,81
7228,65
7229,43
7230,21
7231,59
7232,1
7233,9
7234,17
7235,65
7236,68
7237,88
7238,1
7239,81
7240,2
7241,30
7242,8
7243,7
7244,21
7245,38
7246,64
7247,17
7248,17
7249,5
7250,75
7251,75
7252,83
7253,59
7254,73
7255,75
7256,5
7257,37
7258,83
7259,13
7260,86
7261,54
7262,69
7263,42
7264,38
7265,73
7266,54
7267,75
7268,0
7269,1
7270,87
7271,30
7272,30
7273,88
7274,42
7275,22
7276,2
7277,24
7278,75
7279,65
7280,21
7281,97
7282,48
7283,42
7284,60
7285,48
7286,48
7287,96
7288,41
7289,48
7290,35
7291,88
7292,67
7293,31
7294,6
7295,83
7296,27
7297,58
7298,31
7299,38
7300,69
7301,74
7302,95
7303,6
7304,95
7305,48
7306,14
7307,36
7308,36
7309,73
7310,2
7311,17
7312,41
7313,0
7314,31
7315,20
7316,60
7317,43
7318,73
7319,5
7320,88
7321,74
7322,67
7323,83
7324,14
7325,21
7326,1
7327,36
7328,83
7329,73
7330,68
7331,54
7332,69
7333,51
7334,17
7335,67
7336,24
7337,68
7338,31
7339,73
7340,24
7341,69
7342,65
7343,54
7344,36
7345,41
7346,2
7347,51
7348,12
7349,96
7350,0
7351,65
7352,74
7353,43
7354,1
7355,21
7356,47
7357,84
7358,67
7359,36
7360,35
7361,54
7362,83
7363,68
7364,64
7365,83
7366,6
7367,17
7368,2
7369,58
7370,30
7371,67
7372,18
7373,88
7374,84
7375,65
7376,12
7377,21
7378,27
7379,81
7380,86
7381,24
7382,19
7383,24
7384,52
7385,20
7386,74
7387,8
7388,37
7389,21
7390,97
7391,81
7392,48
7393,52
7394,75
7395,86
7396,36
7397,68
7398,17
7399,79
7400,86
7401,20
7402,67
7403,84
7404,43
7405,79
7406,6
7407,31
7408,96
7409,1
7410,12
7411,42
7412,24
7413,24
7414,52
7415,2
7416,48
7417,74
7418,41
7419,60
7420,69
7421,83
7422,81
7423,24
7424,0
7425,88
7426,43
7427,2
7428,54
7429,84
7430,1
7431,36
7432,81
7433,64
7434,75
7435,54
7436,21
7437,36
7438,52
7439,95
7440,21
7441,13
7442,54
7443,43
7444,20
7445,43
7446,68
7447,56
7448,24
7449,31
7450,83
7451,68
7452,12
7453,83
7454,64
7455,2
7456,20
7457,62
7458,24
7459,9
7460,20
7461,12
7462,60
7463,7
7464,65
7465,97
7466,73
7467,88
7468,75
7469,36
7470,20
7471,42
7472,54
7473,73
7474,12
7475,31
7476,74
7477,81
7478,73
7479,69
7480,1
7481,39
7482,36
7483,88
7484,69
7485,37
7486,47
7487,58
7488,60
7489,81
7490,7
7491,74
7492,60
7493,52
7494,31
7495,73
7496,96
7497,67
7498,17
7499,24
7500,2
7501,38
7502,54
7503,43
7504,74
7505,62
7506,6
7507,43
7508,37
7509,37
7510,96
7511,69
7512,81
7513,97
7514,24
7515,2
7516,66
7517,75
7518,0
7519,68
7520,36
7521,43
7522,73
7523,54
7524,51
7525,42
7526,68
7527,74
7528,69
7529,27
7530,86
7531,96
7532,73
7533,48
7534,59
7535,20
7536,21
7537,17
7538,96
7539,22
7540,83
7541,18
7542,20
7543,54
7544,20
7545,83
7546,24
7547,83
7548,68
7549,86
7550,87
7551,12
7552,60
7553,2
7554,41
7555,1
7556,88
7557,64
7558,51
7559,74
7560,43
7561,2
7562,17
7563,74
7564,99
7565,5
7566,60
7567,86
7568,84
7569,48
7570,42
7571,20
7572,21
7573,7
7574,73
7575,31
7576,7
7577,17
7578,2
7579,81
7580,0
7581,88
7582,38
7583,38
7584,88
7585,24
7586,62
7587,2
7588,83
7589,52
7590,37
7591,62
7592,22
7593,6
7594,36
7595,74
7596,21
7597,17
7598,54
7599,39
7600,95
7601,7
7602,59
7603,24
7604,0
7605,24
7606,65
7607,0
7608,2
7609,81
7610,96
7611,52
7612,59
7613,66
7614,88
7615,88
7616,14
7617,36
7618,75
7619,21
7620,7
7621,42
7622,65
7623,81
7624,30
7625,20
7626,24
7627,24
7628,81
7629,1
7630,65
7631,52
7632,43
7633,24
7634,0
7635,43
7636,64
7637,42
7638,58
7639,77
7640,48
7641,60
7642,62
7643,19
7644,1
7645,18
7646,59
7647,74
7648,48
7649,68
7650,73
7651,31
7652,83
7653,54
7654,83
7655,0
7656,22
7657,51
7658,13
7659,21
7660,17
7661,87
7662,27
7663,65
7664,96
7665,51
7666,52
7667,21
7668,68
7669,88
7670,43
7671,64
7672,84
7673,97
7674,24
7675,97
7676,88
7677,7
7678,75
7679,6
7680,37
7681,60
7682,2
7683,9
7684,7
7685,68
7686,39
7687,21
7688,51
7689,0
7690,5
7691,42
7692,95
7693,37
7694,65
7695,74
7696,68
7697,8
7698,37
7699,69
7700,68
7701,67
7702,2
7703,60
7704,27
7705,52
7706,75
7707,75
7708,74
7709,60
7710,17
7711,84
7712,35
7713,77
7714,1
7715,65
7716,36
7717,95
7718,41
7719,47
7720,54
7721,81
7722,13
7723,75
7724,97
7725,68
7726,24
7727,14
7728,14
7729,2
7730,60
7731,83
7732,68
7733,96
7734,52
7735,74
7736,69
7737,22
7738,81
7739,65
7740,18
7741,96
7742,83
7743,43
7744,54
7745,54
7746,87
7747,83
7748,87
7749,17
7750,42
7751,38
7752,21
7753,5
7754,83
7755,6
7756,37
7757,97
7758,43
7759,66
7760,42
7761,2
7762,9
7763,51
7764,43
7765,36
7766,17
7767,81
7768,88
7769,73
7770,65
7771,0
7772,27
7773,1
7774,17
7775,86
7776,24
7777,24
7778,2
7779,83
7780,8
7781,8
7782,7
7783,21
7784,67
7785,65
7786,96
7787,51
7788,24
7789,88
7790,83
7791,73
7792,43
7793,5
7794,41
7795,81
7796,47
7797,84
7798,99
7799,17
7800,17
7801,5
7802,21
7803,54
7804,69
7805,20
7806,95
7807,30
7808,67
7809,42
7810,77
7811,4
7812,58
7813,6
7814,54
7815,21
7816,13
7817,30
7818,20
7819,1
7820,24
7821,22
7822,75
7823,37
7824,69
7825,62
7826,35
7827,52
7828,24
7829,14
7830,21
7831,59
7832,69
7833,1
7834,60
7835,6
7836,30
7837,31
7838,62
7839,31
7840,38
7841,38
7842,54
7843,99
7844,60
7845,60
7846,6
7847,64
7848,21
7849,20
7850,9
7851,68
7852,5
7853,5
7854,2
7855,6
7856,87
7857,42
7858,30
7859,54
7860,67
7861,83
7862,8
7863,37
7864,0
7865,88
7866,77
7867,17
7868,39
7869,0
7870,8
7871,37
7872,60
7873,20
7874,13
7875,74
7876,2
7877,58
7878,69
7879,81
7880,84
7881,43
7882,21
7883,41
7884,81
7885,43
7886,56
7887,59
7888,74
7889,68
7890,24
7891,75
7892,69
7893,56
7894,66
7895,83
7896,52
7897,97
7898,31
7899,9
7900,37
7901,20
7902,24
7903,54
7904,27
7905,51
7906,42
7907,83
7908,79
7909,0
7910,60
7911,87
7912,21
7913,86
7914,75
7915,20
7916,9
7917,5
7918,96
7919,30
7920,59
7921,17
7922,60
7923,20
7924,2
7925,74
7926,42
7927,21
7928,30
7929,0
7930,1
7931,69
7932,31
7933,58
7934,65
7935,38
7936,21
7937,5
7938,21
7939,24
7940,62
7941,20
7942,97
7943,97
7944,18
7945,84
7946,66
7947,42
7948,96
7949,77
7950,38
7951,83
7952,43
7953,67
7954,73
7955,2
7956,31
7957,21
7958,42
7959,96
7960,48
7961,19
7962,83
7963,69
7964,18
7965,97
7966,4
7967,24
7968,6
7969,14
7970,69
7971,24
7972,31
7973,77
7974,97
7975,62
7976,9
7977,99
7978,95
7979,97
7980,21
7981,88
7982,22
7983,56
7984,68
7985,24
7986,54
7987,66
7988,75
7989,6
7990,17
7991,6
7992,17
7993,43
7994,68
7995,12
7996,1
7997,2
7998,36
7999,48
8000,18
8001,1
8002,75
8003,79
8004,0
8005,8
8006,60
8007,0
8008,20
8009,58
8010,1
8011,73
8012,2
8013,0
8014,17
8015,21
8016,1
8017,19
8018,20
8019,1
8020,54
8021,22
8022,24
8023,81
8024,60
8025,83
8026,17
8027,18
8028,95
8029,6
8030,96
8031,48
8032,8
8033,79
8034,86
8035,60
8036,58
8037,74
8038,42
8039,47
8040,24
8041,31
8042,48
8043,60
8044,7
8045,0
8046,54
8047,97
8048,73
8049,88
8050,56
8051,88
8052,69
8053,62
8054,38
8055,79
8056,8
8057,97
8058,79
8059,4
8060,75
8061,83
8062,35
8063,97
8064,27
8065,68
8066,14
8067,27
8068,43
8069,56
8070,74
8071,7
8072,75
8073,36
8074,20
8075,59
8076,66
8077,47
8078,0
8079,38
8080,24
8081,9
8082,1
8083,41
8084,35
8085,81
8086,69
8087,58
8088,24
8089,12
8090,20
8091,35
8092,27
8093,1
8094,52
8095,75
8096,36
8097,17
8098,73
8099,62
8100,43
8101,38
8102,56
8103,30
8104,21
8105,75
8106,54
8107,59
8108,17
8109,38
8110,36
8111,35
8112,97
8113,68
8114,24
8115,43
8116,2
8117,1
8118,43
8119,43
8120,1
8121,97
8122,5
8123,86
8124,75
8125,35
8126,37
8127,59
8128,68
8129,60
8130,69
8131,0
8132,27
8133,54
8134,95
8135,0
8136,18
8137,17
8138,6
8139,20
8140,14
8141,81
8142,75
8143,2
8144,84
8145,35
8146,7
8147,95
8148,41
8149,74
8150,35
8151,24
8152,7
8153,67
8154,88
8155,5
8156,1
8157,65
8158,54
8159,35
8160,73
8161,20
8162,66
8163,60
8164,2
8165,6
8166,83
8167,35
8168,83
8169,19
8170,20
8171,96
8172,95
8173,69
8174,60
8175,69
8176,24
8177,37
8178,81
8179,31
8180,62
8181,7
8182,74
8183,48
8184,27
8185,58
8186,88
8187,97
8188,6
8189,66
8190,36
8191,81
8192,12
8193,2
8194,47
8195,42
8196,60
8197,73
8198,22
8199,81
8200,59
8201,38
8202,95
8203,0
8204,62
8205,77
8206,41
8207,65
8208,18
8209,20
8210,74
8211,5
8212,41
8213,37
8214,38
8215,69
8216,65
8217,56
8218,31
8219,24
8220,73
8221,60
8222,66
8223,6
8224,59
8225,75
8226,96
8227,38
8228,1
8229,75
8230,75
8231,60
8232,58
8233,21
8234,14
8235,21
8236,37
8237,20
8238,37
8239,36
8240,56
8241,21
8242,97
8243,83
8244,2
8245,99
8246,17
8247,97
8248,12
8249,1
8250,0
8251,30
8252,62
8253,84
8254,24
8255,88
8256,38
8257,48
8258,66
8259,22
8260,2
8261,47
8262,48
8263,31
8264,69
8265,56
8266,30
8267,47
8268,86
8269,86
8270,96
8271,1
8272,24
8273,88
8274,2
8275,7
8276,12
8277,81
8278,56
8279,67
8280,24
8281,2
8282,21
8283,68
8284,81
8285,6
8286,20
8287,38
8288,30
8289,1
8290,68
8291,62
8292,54
8293,58
8294,74
8295,7
8296,54
8297,68
8298,65
8299,86
8300,48
8301,83
8302,0
8303,54
8304,17
8305,43
8306,7
8307,56
8308,41
8309,9
8310,64
8311,41
8312,69
8313,75
8314,0
8315,54
8316,5
8317,20
8318,43
8319,79
8320,30
8321,64
8322,74
8323,38
8324,42
8325,0
8326,37
8327,0
8328,36
8329,48
8330,43
8331,14
8332,69
8333,43
8334,65
8335,54
8336,69
8337,35
8338,97
8339,95
8340,24
8341,83
8342,39
8343,1
8344,1
8345,31
8346,52
8347,43
8348,62
8349,97
8350,68
8351,51
8352,1
8353,21
8354,17
8355,21
8356,60
8357,60
8358,2
8359,79
8360,17
8361,2
8362,37
8363,14
8364,74
8365,54
8366,42
8367,30
8368,43
8369,87
8370,18
8371,41
8372,8
8373,69
8374,20
8375,35
8376,97
8377,20
8378,6
8379,4
8380,60
8381,88
8382,56
8383,62
8384,5
8385,2
8386,8
8387,68
8388,73
8389,65
8390,43
8391,21
8392,73
8393,75
8394,54
8395,2
8396,24
8397,62
8398,52
8399,6
8400,95
8401,96
8402,48
8403,43
8404,1
8405,51
8406,24
8407,43
8408,52
8409,48
8410,35
8411,87
8412,96
8413,35
8414,9
8415,51
8416,67
8417,41
8418,36
8419,8
8420,38
8421,17
8422,38
8423,30
8424,38
8425,52
8426,41
8427,60
8428,73
8429,21
8430,43
8431,18
8432,75
8433,58
8434,87
8435,86
8436,38
8437,17
8438,38
8439,2
8440,95
8441,58
8442,54
8443,62
8444,6
8445,8
8446,99
8447,37
8448,64
8449,13
8450,69
8451,83
8452,48
8453,48
8454,97
8455,37
8456,81
8457,54
8458,43
8459,77
8460,81
8461,4
8462,21
8463,43
8464,66
8465,2
8466,68
8467,66
8468,66
8469,21
8470,62
8471,0
8472,95
8473,88
8474,20
8475,56
8476,14
8477,8
8478,17
8479,9
8480,0
8481,75
8482,68
8483,52
8484,69
8485,2
8486,9
8487,62
8488,31
8489,95
8490,99
8491,84
8492,5
8493,68
8494,36
8495,6
8496,68
8497,2
8498,86
8499,88
8500,75
8501,97
8502,62
8503,86
8504,43
8505,56
8506,66
8507,54
8508,54
8509,31
8510,69
8511,58
8512,95
8513,43
8514,17
8515,38
8516,95
8517,18
8518,43
8519,48
8520,95
8521,14
8522,95
8523,17
8524,96
8525,18
8526,17
8527,43
8528,51
8529,42
8530,73
8531,47
8532,73
8533,21
8534,68
8535,21
8536,1
8537,0
8538,75
8539,74
8540,56
8541,5
8542,75
8543,96
8544,24
8545,43
8546,7
8547,5
8548,18
8549,88
8550,1
8551,88
8552,83
8553,48
8554,5
8555,52
8556,24
8557,17
8558,9
8559,24
8560,86
8561,2
8562,51
8563,38
8564,54
8565,86
8566,54
8567,24
8568,5
8569,66
8570,17
8571,39
8572,22
8573,22
8574,42
8575,38
8576,79
8577,74
8578,83
8579,69
8580,81
8581,62
8582,14
8583,24
8584,6
8585,73
8586,27
8587,83
8588,68
8589,36
8590,97
8591,2
8592,86
8593,88
8594,67
8595,62
8596,13
8597,24
8598,31
8599,7
8600,12
8601,58
8602,65
8603,79
8604,74
8605,47
8606,47
8607,2
8608,67
8609,39
8610,86
8611,54
8612,73
8613,60
8614,83
8615,84
8616,6
8617,37
8618,41
8619,75
8620,65
8621,62
8622,58
8623,60
8624,47
8625,31
8626,21
8627,21
8628,18
8629,2
8630,86
8631,83
8632,31
8633,68
8634,74
8635,54
8636,9
8637,5
8638,39
8639,24
8640,65
8641,24
8642,7
8643,14
8644,77
8645,7
8646,43
8647,74
8648,17
8649,1
8650,74
8651,43
8652,1
8653,36
8654,6
8655,37
8656,0
8657,38
8658,95
8659,68
8660,30
8661,8
8662,21
8663,75
8664,6
8665,18
8666,41
8667,2
8668,84
8669,86
8670,54
8671,62
8672,88
8673,8
8674,30
8675,18
8676,56
8677,69
8678,37
8679,97
8680,22
8681,21
8682,69
8683,52
8684,5
8685,69
8686,75
8687,43
8688,36
8689,1
8690,81
8691,37
8692,7
8693,12
8694,31
8695,97
8696,65
8697,21
8698,18
8699,83
8700,21
8701,51
8702,38
8703,69
8704,86
8705,69
8706,5
8707,21
8708,21
8709,69
8710,24
8711,87
8712,7
8713,97
8714,8
8715,36
8716,60
8717,81
8718,24
8719,17
8720,2
8721,24
8722,67
8723,6
8724,83
8725,62
8726,1
8727,67
8728,7
8729,59
8730,62
8731,43
8732,68
8733,68
8734,68
8735,2
8736,1
8737,75
8738,27
8739,74
8740,0
8741,56
8742,24
8743,21
8744,12
8745,96
8746,0
8747,35
8748,42
8749,48
8750,75
8751,35
8752,96
8753,20
8754,24
8755,2
8756,35
8757,65
8758,1
8759,43
8760,60
8761,20
8762,5
8763,48
8764,95
8765,36
8766,99
8767,0
8768,56
8769,14
8770,69
8771,30
8772,2
8773,83
8774,42
8775,79
8776,54
8777,59
8778,35
8779,24
8780,37
8781,69
8782,1
8783,31
8784,73
8785,6
8786,2
8787,27
8788,48
8789,59
8790,31
8791,83
8792,21
8793,42
8794,52
8795,87
8796,17
8797,43
8798,37
8799,13
8800,6
8801,6
8802,0
8803,2
8804,88
8805,69
8806,22
8807,73
8808,99
8809,21
8810,60
8811,73
8812,66
8813,38
8814,51
8815,58
8816,56
8817,38
8818,21
8819,14
8820,81
8821,36
8822,69
8823,52
8824,88
8825,75
8826,27
8827,95
8828,18
8829,51
8830,95
8831,21
8832,20
8833,54
8834,38
8835,24
8836,75
8837,42
8838,83
8839,12
8840,24
8841,83
8842,43
8843,48
8844,17
8845,99
8846,95
8847,65
8848,74
8849,12
8850,51
8851,86
8852,43
8853,95
8854,56
8855,62
8856,79
8857,17
8858,41
8859,21
8860,47
8861,0
8862,36
8863,2
8864,6
8865,0
8866,47
8867,51
8868,88
8869,95
8870,21
8871,56
8872,51
8873,60
8874,67
8875,5
8876,60
8877,20
8878,6
8879,83
8880,62
8881,62
8882,2
8883,87
8884,31
8885,96
8886,75
8887,43
8888,1
8889,0
8890,27
8891,2
8892,95
8893,81
8894,9
8895,5
8896,37
8897,60
8898,65
8899,51
8900,83
8901,75
8902,95
8903,83
8904,42
8905,21
8906,68
8907,69
8908,36
8909,5
8910,5
8911,99
8912,31
8913,38
8914,73
8915,75
8916,12
8917,47
8918,97
8919,83
8920,88
8921,88
8922,5
8923,19
8924,83
8925,6
8926,17
8927,86
8928,83
8929,48
8930,43
8931,22
8932,5
8933,60
8934,42
8935,24
8936,59
8937,52
8938,30
8939,14
8940,31
8941,0
8942,19
8943,95
8944,68
8945,31
8946,86
8947,17
8948,35
8949,30
8950,83
8951,52
8952,65
8953,58
8954,38
8955,96
8956,95
8957,62
8958,54
8959,37
8960,74
8961,51
8962,87
8963,43
8964,38
8965,21
8966,0
8967,65
8968,21
8969,38
8970,81
8971,67
8972,9
8973,43
8974,43
8975,74
8976,62
8977,51
8978,73
8979,47
8980,81
8981,48
8982,7
8983,69
8984,42
8985,62
8986,58
8987,67
8988,2
8989,52
8990,75
8991,69
8992,58
8993,81
8994,8
8995,35
8996,60
8997,74
8998,69
8999,66
9000,9
9001,83
9002,5
9003,20
9004,64
9005,18
9006,68
9007,48
9008,67
9009,14
9010,97
9011,35
9012,54
9013,37
9014,4
9015,37
9016,5
9017,48
9018,43
9019,36
9020,73
9021,74
9022,38
9023,65
9024,21
9025,96
9026,24
9027,6
9028,88
9029,73
9030,37
9031,30
9032,20
9033,87
9034,0
9035,73
9036,27
9037,74
9038,83
9039,96
9040,84
9041,54
9042,74
9043,68
9044,9
9045,8
9046,67
9047,75
9048,77
9049,60
9050,18
9051,42
9052,9
9053,62
9054,95
9055,39
9056,20
9057,1
9058,17
9059,0
9060,74
9061,81
9062,14
9063,38
9064,36
9065,79
9066,43
9067,9
9068,5
9069,68
9070,88
9071,62
9072,41
9073,66
9074,81
9075,67
9076,21
9077,69
9078,74
9079,42
9080,43
9081,66
9082,1
9083,83
9084,69
9085,18
9086,21
9087,36
9088,0
9089,20
9090,73
9091,52
9092,66
9093,38
9094,9
9095,27
9096,20
9097,83
9098,56
9099,47
9100,14
9101,52
9102,43
9103,69
9104,6
9105,75
9106,60
9107,9
9108,60
9109,43
9110,43
9111,52
9112,96
9113,38
9114,95
9115,79
9116,24
9117,69
9118,21
9119,65
9120,14
9121,30
9122,39
9123,51
9124,48
9125,43
9126,88
9127,17
9128,86
9129,21
9130,8
9131,68
9132,54
9133,68
9134,36
9135,5
9136,37
9137,2
9138,51
9139,2
9140,96
9141,21
9142,88
9143,43
9144,88
9145,1
9146,54
9147,62
9148,36
9149,86
9150,67
9151,62
9152,20
9153,81
9154,96
9155,58
9156,9
9157,56
9158,21
9159,24
9160,99
9161,97
9162,43
9163,20
9164,69
9165,68
9166,30
9167,81
9168,39
9169,81
9170,21
9171,0
9172,35
9173,86
9174,14
9175,60
9176,69
9177,9
9178,24
9179,74
9180,66
9181,41
9182,38
9183,22
9184,5
9185,20
9186,0
9187,20
9188,2
9189,75
9190,68
9191,48
9192,83
9193,56
9194,39
9195,1
9196,1
9197,7
9198,54
9199,69
9200,0
9201,21
9202,5
9203,51
9204,75
9205,88
9206,84
9207,54
9208,69
9209,43
9210,68
9211,52
9212,38
9213,67
9214,81
9215,30
9216,96
9217,54
9218,42
9219,60
9220,21
9221,0
9222,56
9223,7
9224,35
9225,24
9226,2
9227,35
9228,83
9229,31
9230,69
9231,13
9232,81
9233,79
9234,24
9235,54
9236,22
9237,17
9238,43
9239,24
9240,2
9241,5
9242,69
9243,43
9244,18
9245,2
9246,69
9247,59
9248,52
9249,99
9250,84
9251,59
9252,35
9253,8
9254,81
9255,69
9256,14
9257,75
9258,73
9259,17
9260,56
9261,42
9262,95
9263,1
9264,36
9265,31
9266,38
9267,86
9268,48
9269,47
9270,21
9271,96
9272,75
9273,81
9274,62
9275,21
9276,48
9277,60
9278,83
9279,5
9280,1
9281,18
9282,75
9283,75
9284,43
9285,74
9286,74
9287,37
9288,81
9289,1
9290,19
9291,69
9292,97
9293,67
9294,0
9295,43
9296,79
9297,62
9298,37
9299,36
9300,73
9301,51
9302,56
9303,35
9304,65
9305,14
9306,68
9307,36
9308,38
9309,12
9310,41
9311,52
9312,54
9313,37
9314,43
9315,24
9316,30
9317,95
9318,66
9319,67
9320,52
9321,48
9322,1
9323,6
9324,2
9325,38
9326,41
9327,59
9328,14
9329,12
9330,54
9331,5
9332,48
9333,81
9334,35
9335,6
9336,59
9337,0
9338,54
9339,42
9340,20
9341,18
9342,52
9343,30
9344,75
9345,88
9346,13
9347,9
9348,54
9349,38
9350,48
9351,21
9352,2
9353,43
9354,2
9355,18
9356,6
9357,69
9358,97
9359,38
9360,6
9361,75
9362,19
9363,24
9364,41
9365,24
9366,95
9367,21
9368,21
9369,48
9370,54
9371,83
9372,54
9373,27
9374,86
9375,56
9376,42
9377,58
9378,9
9379,35
9380,37
9381,1
9382,18
9383,24
9384,77
9385,62
9386,74
9387,0
9388,5
9389,56
9390,87
9391,95
9392,73
9393,21
9394,60
9395,38
9396,0
9397,7
9398,43
9399,52
9400,97
9401,27
9402,24
9403,18
9404,69
9405,27
9406,42
9407,17
9408,59
9409,24
9410,38
9411,59
9412,43
9413,69
9414,24
9415,2
9416,52
9417,81
9418,6
9419,54
9420,65
9421,22
9422,30
9423,69
9424,2
9425,37
9426,17
9427,96
9428,9
9429,83
9430,86
9431,62
9432,74
9433,43
9434,30
9435,83
9436,27
9437,38
9438,59
9439,37
9440,54
9441,74
9442,51
9443,62
9444,22
9445,81
9446,43
9447,48
9448,56
9449,83
9450,66
9451,83
9452,20
9453,36
9454,81
9455,6
9456,41
9457,67
9458,81
9459,21
9460,83
9461,30
9462,58
9463,51
9464,48
9465,65
9466,21
9467,87
9468,5
9469,41
9470,1
9471,43
9472,21
9473,12
9474,81
9475,2
9476,17
9477,0
9478,87
9479,21
9480,21
9481,1
9482,1
9483,74
9484,38
9485,0
9486,54
9487,24
9488,21
9489,99
9490,5
9491,81
9492,95
9493,83
9494,66
9495,54
9496,97
9497,24
9498,79
9499,60
9500,59
9501,36
9502,42
9503,62
9504,95
9505,20
9506,87
9507,74
9508,54
9509,81
9510,52
9511,7
9512,54
9513,52
9514,60
9515,68
9516,17
9517,67
9518,81
9519,20
9520,54
9521,73
9522,24
9523,21
9524,1
9525,20
9526,21
9527,68
9528,24
9529,13
9530,17
9531,97
9532,0
9533,52
9534,5
9535,48
9536,68
9537,2
9538,38
9539,31
9540,73
9541,27
9542,17
9543,31
9544,83
9545,67
9546,81
9547,86
9548,42
9549,68
9550,2
9551,74
9552,2
9553,83
9554,21
9555,9
9556,8
9557,18
9558,22
9559,48
9560,12
9561,18
9562,18
9563,62
9564,17
9565,62
9566,83
9567,43
9568,42
9569,87
9570,14
9571,65
9572,81
9573,38
9574,38
9575,43
9576,51
9577,95
9578,6
9579,2
9580,5
9581,38
9582,2
9583,59
9584,12
9585,43
9586,22
9587,88
9588,43
9589,5
9590,64
9591,95
9592,22
9593,20
9594,37
9595,5
9596,95
9597,79
9598,74
9599,68
9600,20
9601,60
9602,69
9603,21
9604,20
9605,41
9606,66
9607,20
9608,0
9609,54
9610,1
9611,62
9612,43
9613,43
9614,37
9615,41
9616,84
9617,58
9618,13
9619,64
9620,37
9621,52
9622,1
9623,67
9624,69
9625,56
9626,17
9627,2
9628,95
9629,51
9630,67
9631,60
9632,5
9633,54
9634,99
9635,0
9636,95
9637,66
9638,24
9639,62
9640,20
9641,99
9642,74
9643,51
9644,30
9645,38
9646,8
9647,17
9648,24
9649,42
9650,42
9651,60
9652,81
9653,69
9654,8
9655,9
9656,83
9657,99
9658,97
9659,62
9660,43
9661,62
9662,81
9663,6
9664,69
9665,7
9666,97
9667,42
9668,95
9669,24
9670,99
9671,86
9672,83
9673,14
9674,36
9675,52
9676,1
9677,97
9678,12
9679,31
9680,66
9681,6
9682,66
9683,75
9684,43
9685,37
9686,18
9687,47
9688,52
9689,67
9690,6
9691,74
9692,88
9693,62
9694,21
9695,81
9696,60
9697,95
9698,1
9699,65
9700,56
9701,0
9702,60
9703,62
9704,48
9705,24
9706,12
9707,41
9708,66
9709,97
9710,48
9711,83
9712,36
9713,7
9714,5
9715,47
9716,9
9717,73
9718,69
9719,36
9720,48
9721,60
9722,30
9723,37
9724,54
9725,83
9726,69
9727,9
9728,51
9729,88
9730,8
9731,35
9732,21
9733,35
9734,2
9735,24
9736,42
9737,1
9738,96
9739,60
9740,58
9741,86
9742,54
9743,43
9744,5
9745,21
9746,41
9747,66
9748,36
9749,75
9750,83
9751,66
9752,59
9753,81
9754,74
9755,9
9756,81
9757,97
9758,38
9759,14
9760,24
9761,52
9762,65
9763,21
9764,31
9765,69
9766,38
9767,5
9768,88
9769,1
9770,74
9771,52
9772,17
9773,37
9774,2
9775,62
9776,8
9777,97
9778,51
9779,73
9780,42
9781,83
9782,73
9783,54
9784,2
9785,96
9786,12
9787,86
9788,86
9789,69
9790,38
9791,86
9792,14
9793,17
9794,62
9795,30
9796,52
9797,74
9798,81
9799,81
9800,20
9801,37
9802,87
9803,21
9804,38
9805,54
9806,86
9807,31
9808,17
9809,17
9810,35
9811,21
9812,24
9813,65
9814,51
9815,13
9816,43
9817,56
9818,74
9819,59
9820,74
9821,59
9822,12
9823,24
9824,60
9825,9
9826,37
9827,66
9828,87
9829,42
9830,21
9831,83
9832,84
9833,48
9834,24
9835,22
9836,37
9837,95
9838,5
9839,2
9840,22
9841,56
9842,7
9843,2
9844,2
9845,83
9846,31
9847,65
9848,68
9849,0
9850,21
9851,97
9852,83
9853,43
9854,60
9855,68
9856,22
9857,68
9858,51
9859,69
9860,99
9861,58
9862,41
9863,62
9864,2
9865,54
9866,69
9867,69
9868,5
9869,37
9870,67
9871,5
9872,0
9873,58
9874,6
9875,7
9876,83
9877,69
9878,12
9879,59
9880,87
9881,74
9882,95
9883,38
9884,62
9885,43
9886,65
9887,2
9888,83
9889,37
9890,67
9891,62
9892,69
9893,74
9894,24
9895,68
9896,95
9897,62
9898,2
9899,69
9900,52
9901,99
9902,27
9903,69
9904,0
9905,67
9906,74
9907,81
9908,83
9909,2
9910,86
9911,0
9912,86
9913,73
9914,27
9915,64
9916,17
9917,66
9918,17
9919,69
9920,19
9921,97
9922,60
9923,96
9924,60
9925,59
9926,31
9927,75
9928,8
9929,6
9930,81
9931,73
9932,74
9933,88
9934,96
9935,95
9936,36
9937,95
9938,6
9939,7
9940,83
9941,99
9942,66
9943,83
9944,43
9945,96
9946,58
9947,74
9948,27
9949,77
9950,96
9951,36
9952,38
9953,5
9954,73
9955,54
9956,9
9957,5
9958,65
9959,73
9960,24
9961,43
9962,6
9963,20
9964,38
9965,97
9966,2
9967,21
9968,83
9969,37
9970,83
9971,65
9972,41
9973,60
9974,48
9975,14
9976,24
9977,14
9978,75
9979,27
9980,30
9981,52
9982,97
9983,18
9984,21
9985,37
9986,1
9987,43
9988,0
9989,7
9990,75
9991,95
9992,62
9993,30
9994,56
9995,62
9996,31
9997,18
9998,88
9999,83
